亜	亞	に ア ニ つぐ あ
哀		アイ かなしい くちへん あわれ くち あい あわれむ
挨		アイ てへん ひらく あい て
愛		めでる アイ かなしい おしむ りっしんべん いとしい まな あい こころ したごころ
曖		アイ にち にちへん あい ひ くらい ひへん
悪	惡	にくい にくむ ああ わるい アク りっしんべん オ わる いずくんぞ お いずくに あし こころ あく したごころ
握		てへん アク て あく にぎる
圧	壓	つちへん エン へす あつ アツ おさえる えん おう オウ おす つち
扱		きゅう あつかう こく てへん そう ソウ て あつかい あつかる キュウ
宛		づつ あたかも あてる えん あて エン うかんむり
嵐		やま やまへん ラン らん あらし
安		やすまる やす やすらか あん アン やすい うかんむり
案		き あん つくえ アン きへん
暗		にち にちへん あん アン ひ くらい くらむ くれる ひへん
以		にんべん イ ひとがしら ひとやね い ひと もって
衣		イ ころもへん ころも い え エ ぎ きぬ
位		ぐらい にんべん イ ひとがしら ひとやね くらい ひと い
囲	圍	かこい かこむ イ くにがまえ かこう い
医	醫	イ くすし いやす い いする かくしがまえ
依		にんべん イ ひとがしら ひとやね い ひと え エ よる
委		イ おんな ゆだねる い おんなへん
威		イ おんな おどかす おどす い おんなへん おどし
為	爲	イ なる ため なり たり れっか する ひ い つくる れんが なす ひへん
畏		かしこまる イ たへん かしこ かしこし い おそれる た
胃		イ にくづき い ニク にく
尉		イ スン ジョウ い じょう すん
異		イ たへん ことなる い こと け た
移		いね のぎへん のぎ うつす うつる イ い いねへん
萎		しおれる そうこう イ なえる しぼむ い しなびる くさ くさかんむり な
偉		にんべん イ ひとがしら えらい ひとやね い ひと
椅		き きへん い イ
彙		イ けいがしら い はりねずみ いのこがしら
意		イ りっしんべん い こころ したごころ
違		イ しんにゅう たがえる しんにょう たがう ちがい い ちがう ちがえる
維		いとへん いと い イ
慰		イ りっしんべん い こころ なぐさめる したごころ なぐさむ
遺		ユイ イ しんにゅう ゆい しんにょう い のこす
緯		よこいと イ いとへん いと い ぬき
域		イキ つち つちへん いき
育		そだつ いく イク はぐくむ そだち にくづき そだてる ニク にく
一		イツ いち いつ ひとつ イチ ひと
壱	壹	イツ いち いつ さむらい ひとつ イチ さむらいかんむり
逸	逸	イツ しんにゅう そらす いつ しんにょう はぐれる それる
茨		そうこう ジ かや し じ くさぶき シ いばら くさ くさかんむり
芋		ウ そうこう いも う くさ くさかんむり
引		ゆみ ひける イン ゆみへん ひく いん
印		イン しるし まげわりふ しるす じるし わりふ いん ふしづくり
因		イン くにがまえ いん ちなむ よる
咽		イン のむ エン くちへん エツ むせる えつ くち のど えん いん むせぶ
姻		いん おんなへん おんな イン
員		くちへん いん イン くち
院		いん イン おか こざとへん
淫		みだれる イン さんずい したみず ほしいまま ひたす みず いん みだら みだり
陰		イン おか かげ かげる こざとへん いん
飲		ショク のみ イン のむ オン しょくへん おん いん しょく
隠	隱	イン オン おか かくし おん かくれる こざとへん いん よる かくす
韻		おとへん いん イン おと
右		ウ くちへん ユウ くち う みぎ ゆう
宇		ウ うかんむり う
羽		ウ わ はね う は
雨		あめかんむり ウ あま あめ さめ う
唄		うた くちへん くち バイ ばい うたう
鬱		うつ ウツ においざけ チョウ ちょう うっする ふさぐ しげる
畝		む も ほ ボウ モ たへん ホ うね せ ム ぼう た
浦		ほ さんずい ホ したみず みず うら
運		ウン うん しんにゅう はこぶ しんにょう
雲		あめかんむり くも ウン うん あめ ぐも
永		さんずい したみず エイ えい みず ながい
泳		およぐ さんずい したみず エイ えい みず
英		そうこう エイ えい はなぶさ くさ くさかんむり
映		はえる にち うつす うつる ばえ にちへん ひ エイ えい ひへん
栄	榮	はえる ヨウ ばえ き よう エイ えい え はえ さかえる きへん
営	營	くちへん いとなむ くち エイ えい いとなみ
詠		よむ ことば ごんべん げん ゲン うたう えい エイ
影		かみかざり かげ エイ えい けかざり さんづくり
鋭		かねへん するどい かね エイ えい
衛	衞	ゆきがまえ エイ えい え ぎょうがまえ エ
易		にち イ えき にちへん やさしい ひ い やすい エキ ひへん
疫		えき やまいだれ エキ ヤク やく
益		ます えき エキ ヤク やく さら
液		さんずい えき したみず みず エキ
駅	驛	うまへん エキ うま えき
悦		よろこぶ エツ りっしんべん えつ こころ したごころ よろこばす
越		はしる そうにょう エツ ごし ごえ えつ オツ こす おつ こえる
謁	謁	ことば エツ ごんべん えつ げん ゲン
閲		かどがまえ エツ えつ もん けみする モン もんがまえ
円	圓	えんがまえ まどか まきがまえ えん まる まど まろやか どうがまえ けいがまえ まるい エン
延		えんにゅう えん いんにょう のべる えんにょう エン のべ のびる のばす
沿		さんずい えん そう したみず ぞい みず エン
炎		えん ほのお れっか ひ エン れんが ひへん
怨		オン えん ウン うらみ うん りっしんべん おん こころ エン したごころ うらむ うらめしい
宴		うたげ うかんむり えん エン
媛		エン えん おんな ひめ おんなへん
援		てへん て えん エン
園		その えん くにがまえ エン
煙		けむい えん けむる けむり れっか ひ エン れんが ひへん
猿		エン えん いぬ けものへん さる
遠		オン えん とおい しんにゅう しんにょう おん エン
鉛		かねへん えん かね なまり エン
塩	鹽	つちへん えん エン しお つち
演		さんずい えん したみず みず エン
縁	緣	ねん ゆかり ふちどる えん よすが いとへん いと ふち エン へり ネン えにし
艶	艷	えん あでやか つや なまめかしい いろ エン つやめく なまめく
汚		よごす さんずい きたない オ したみず お みず けがす よごれる けがらわしい けがれる
王		たま おうへん のう おう オウ たまへん ノウ
凹		かんにょう くぼむ へこむ ぼこ おう オウ うけばこ
央		だい だいかんむり ダイ だいかしら おう オウ
応	應	ヨウ あたる よう りっしんべん まさに こころ のう おう オウ したごころ こたえる ノウ
往		いく いにしえ ぎょうにんべん ゆく おう オウ さきに
押		おし てへん おっ おさえる て おう オウ おす
旺		にち にちへん ひ ひへん おう オウ さかん
欧	歐	かける うたう あくび おう オウ はく
殴	毆	るまた オウ ほこ おう ほこづくり なぐる
桜	櫻	ヨウ オウ き よう おう さくら きへん
翁		おう オウ おきな はね
奥	奧	おくまる だい だいかんむり おく くま ダイ だいかしら おう オウ
横	橫	きへん き おう オウ よこ
岡		おか やま やまへん こう コウ
屋		かばねだれ おく や かばね しかばね しかばねかんむり オク
億		にんべん ひとがしら おく ひとやね ひと オク
憶		おく りっしんべん こころ したごころ オク
臆		よく むね おくする おく にくづき ニク にく オク ヨク
虞		グ うれえる はかる たのしむ ぐ あやまる とらがしら あざむく おそれ とらかんむり おもんぱかる のぞむ
乙		イツ きのと おと いつ オツ おつにょう おつ つりばり
俺		えん にんべん おれ ひとがしら ひとやね ひと エン われ
卸		おろし まげわりふ おろす しゃ シャ わりふ ふしづくり
音		イン オン おと のん おん ね おとへん ノン いん
恩		オン りっしんべん おん こころ したごころ
温	溫	あたたか あたたまる オン さんずい あたたかい あたためる ぬく おん したみず みず
穏	穩	いね おだやか のぎへん オン のぎ おん いねへん
下		ゲ カ おりる もと くだす いち さげる さがる おろす か くだり しも げ イチ した くださる くだる
化		カ ばける さじのひ か さじ ふける ひ ヒ けする ケ ばかす け
火		カ ほ び か れっか ひ れんが ひへん
加		カ か くわえる くわわる ちから
可		カ こく コク くちへん か くち べき べし
仮	假	カ にんべん ひとがしら ケ か ひとやね ひと かり け
何		カ にんべん ひとがしら か ひとやね なん ひと なに
花		カ そうこう け か ケ くさ くさかんむり はな
佳		カ にんべん ひとがしら か ひとやね ひと
価	價	カ にんべん ひとがしら あたい か ひとやね ひと ケ け
果		カ はたす はてる き はて か きへん
河		カ さんずい かわ か したみず みず
苛		カ そうこう さいなむ か いじめる いらだつ こまかい くさ くさかんむり からい
科		いね カ のぎへん のぎ か いねへん
架		カ き か かける かかる きへん
夏		ゲ すいにょう カ ガ か が なつ げ なつあし
家		カ か うち や いえ ケ うかんむり け
荷		カ そうこう に か くさ くさかんむり
華		カ そうこう け か ケ くさ くさかんむり はな
菓		カ そうこう か くさ くさかんむり
貨		カ かい か たから こがい かいへん
渦		カ さんずい うず か したみず みず
過		カ よぎる しんにゅう か しんにょう すぎる あやまち すごす あやまつ
嫁		カ いく おんな か ゆく おんなへん とつぐ よめ
暇		カ ひま にち にちへん か いとま ひ ひへん
禍	禍	カ か しめすへん ねへん わざわい しめす
靴		カ か つくりがわ くつ かわへん
寡		カ うかんむり か
歌		カ うた か かける うたう あくび
箇		カ こ か コ たけ たけかんむり
稼		いね カ のぎへん のぎ かせぐ か いねへん
課		カ ことば ごんべん か げん ゲン
蚊		むしへん か ブン ぶん むし
牙		ゲ きばへん ガ が げ きば は
瓦		ガ が かわら ぐらむ
我		わ たすき わが ガ かのほこ が ほこがまえ われ ほこ ほこづくり
画	畫	かくする かい かく たへん はかる はかりごと が ガ かぎる えがく カイ え エ カク た
芽		め そうこう ガ が くさ くさかんむり
賀		かい ガ が こがい かいへん
雅		みやび ガ が ふるとり
餓		ショク うえる ガ しょくへん が しょく
介		かい にんべん ひとがしら ひとやね カイ ひと
回		まわる かい もとおる くにがまえ まわす まわし まわり かえる カイ え エ
灰		はい かい れっか ひ カイ れんが ひへん
会	會	かい にんべん あう ひとがしら ひとやね カイ ひと え あつまる あわせる エ
快		かい りっしんべん カイ こころ こころよい したごころ
戒		かい たすき かのほこ カイ ほこがまえ いましめる ほこ ほこづくり
改		かい あらためる ぼくづくり ぼくにょう とまた のぶん カイ あらたまる しぶん
怪		あやしむ かい りっしんべん あやしい カイ こころ ケ したごころ け
拐		カイ かい て てへん
悔	悔	かい くやむ くやしい くいる りっしんべん カイ こころ したごころ
海	海	かい さんずい したみず カイ みず うみ
界		たへん かい カイ た
皆		かい みな しろへん カイ しろ みんな
械		かい き カイ かせ きへん
絵	繪	かい いとへん いと カイ え エ
開		かい びらき かどがまえ ひらく あける もん カイ あく モン もんがまえ ひらき ひらける
階		かい おか こざとへん カイ きざはし
塊		かい つちへん かたまり カイ つちくれ ケ け つち
楷		き かい カイ きへん
解		ゲ かい つの つのへん とける とく げ さとる ほどく とかす カイ わかる ほぐす
潰		かい さんずい つぶれる したみず カイ みず つぶす え エ ついえる
壊	壞	かい つちへん こわれる やぶる カイ え エ つち こわす
懐	懷	かい なずける なつかしむ おもう ふところ なつける りっしんべん なつかしい カイ え こころ エ したごころ いだく なつく
諧		かい ことば ごんべん げん ゲン かなう カイ やわらぐ
貝		かい ばい バイ こがい かいへん
外		ゲ はずれる ほか タ ガイ はずす と がい ゆうべ げ そと ゆう た
劾		ガイ ちから がい
害		ガイ うかんむり がい
崖		ゲ やま ガイ はて やまへん げ がい ぎ ギ がけ きし
涯		さんずい ガイ はて したみず みず がい
街		かい ガイ がい ゆきがまえ カイ まち ぎょうがまえ
慨	慨	ガイ がい りっしんべん こころ なげく したごころ
蓋		かい そうこう ガイ かこう おおう けだし カイ かさ がい ふた こう コウ くさ くさかんむり
該		ことば ガイ ごんべん げん ゲン がい
概	槪	おおむね き ガイ がい きへん
骸		かい むくろ ガイ ほねへん カイ ほね がい
垣		つちへん えん エン つち かき
柿		きへん き し シ かき
各		かく くちへん くち おのおの カク
角		かど つの かく つのへん カク
拡	擴	かく ひろめる ひろがる ひろげる てへん て こう コウ カク
革		かく かわ つくりがわ かわへん カク
格		かく きゃく キャク き ゴウ ごう こう コウ カク きへん
核		き カク かく きへん
殻	殼	かく るまた こく コク ばい バイ がら ほこ ほこづくり カク から
郭		かく むら くるわ おおざと カク
覚	覺	かく おぼえる カク さとる さめる さます みる
較		かく くるま くるまへん くらべる こう コウ カク
隔		かく へだたる おか へだてる こざとへん カク
閣		かく かどがまえ もん モン もんがまえ カク
確		いしへん かく たしか たしかめる いし こう コウ カク
獲		かく いぬ けものへん カク える
嚇		かく くちへん おどす くち カク
穫		いね かく のぎへん のぎ いねへん カク
学	學	まなぶ こへん こ ガク こども こどもへん がく
岳	嶽	やま やまへん ガク たけ がく
楽	樂	き たのしむ このむ ガク ゴウ がく ごう らく ラク たのしい きへん
額		おおがい ひたい がく ガク
顎		あご おおがい ガク あぎと がく
掛		かい がかり かけ かかり けい てへん ケイ かける かかる カイ て がかる がけ
潟		せき さんずい セキ がた したみず みず かた
括		てへん かつ て くくる カツ
活		さんずい かつ したみず いける いきる みず カツ いかす
喝	喝	くちへん くち カツ かつ
渇	渴	さんずい かわく かつ したみず みず カツ
割		わり かつ わる かたな りっとう われる カツ さく
葛		そうこう かち カチ かつ つづら くず カツ くさ くさかんむり
滑		こつ さんずい かつ したみず みず コツ すべる カツ なめらか
褐	褐	ころも カツ ころもへん かつ
轄		くさび くるま かつ くるまへん カツ
且		いち ソ かつ ショウ イチ ショ しょう しょ そ
株		き シュ かぶ しゅ きへん
釜		かねへん かね フ かま ふ
鎌		かねへん レン かね けん れん かま ケン
刈		かい かる ガイ かたな カイ りっとう がい
干		ほし かん ひる いちじゅう ぼし カン ほす
刊		かん かたな りっとう カン
甘		うまい あまえる かん あまい カン あまやかす
汗		さんずい あせ かん したみず みず カン
缶	罐	ほとぎ かん ほとぎへん フ かま ふ カン
完		かん うかんむり カン
肝		きも かん にくづき ニク にく カン
官		かん うかんむり カン
冠		べきかんむり かん わかんむり かんむり カン
巻	卷	まき おのれ ケン イ き すでに こ し コ かん けん み い まく シ キ カン
看		め よこめ めへん かん みる カン
陥	陷	おか かん こざとへん おちいる おとしいれる カン
乾		いぬい かん ひる かわく けん かわかす オツ おつにょう おつ カン つりばり ケン ほす
勘		ちから カン かん
患		りっしんべん かん わずらう こころ したごころ カン
貫		かい つらぬく ぬく かん こがい かいへん カン ぬき
寒		さむい うかんむり カン かん
喚		くちへん わめく かん くち カン
堪		つちへん タン たん こらえる かん たまる こたえる たえる つち カン
換		てへん かわる かん て かえる カン
敢		ぼくづくり あえない かん ぼくにょう とまた のぶん しぶん カン あえず あえて
棺		き かん カン きへん
款		かん あくび かける カン
間		かどがまえ ま あいだ かん けん もん あい モン もんがまえ カン ケン
閑		かどがまえ かん もん モン もんがまえ カン
勧	勸	ケン すすめる かん けん ちから カン
寛	寬	くつろぐ ゆるやか かん ひろい うかんむり カン
幹		かん みき いちじゅう カン ほす
感		かん りっしんべん こころ したごころ カン
漢	漢	さんずい かん したみず みず カン
慣		なれる りっしんべん かん ならす こころ したごころ カン
管		かん くだ たけ カン たけかんむり
関	關	せき かどがまえ かん かんぬき もん かかわる モン ぜき もんがまえ カン からくり
歓	歡	よろこぶ かん かける あくび カン
監		かん カン さら
緩		ゆるい ゆるめる いとへん ゆるやか かん いと ゆるむ カン
憾		りっしんべん かん こころ したごころ うらむ カン
還		しんにゅう しんにょう かん かえる カン
館		ショク たて しょくへん かん カン やかた しょく
環		たま わ おうへん かん たまへん カン
簡		ふだ かん けん たけ カン えらぶ ケン たけかんむり
観	觀	かん しめす みる カン
韓		かん なめしがわ から カン いげた
艦		かん ふね カン ふねへん
鑑		かねへん かね かん かんがみる かがみ カン
丸		まる てん ガン まるい がん まるめる
含		ふくむ くちへん ふくめる ガン くち がん
岸		やま ガン やまへん がん きし
岩		やま ガン やまへん がん いわ
玩		もてあそぶ たま おうへん ガン がん もちあそぶ たまへん
眼		め よこめ めへん ガン まなこ げん ゲン がん
頑		おおがい がん ガン かたくな
顔		がん おおがい かお ガン
願		ねがい ガン ねがう おおがい がん
企		にんべん ひとがしら き くわだてる ひとやね ひと たくらむ キ
伎		にんべん ひとがしら わざおぎ き ひとやね ひと キ わざ ぎ ギ
危		まげわりふ き あやうい あやぶむ わりふ キ ふしづくり あぶない
机		き つくえ キ きへん
気	氣	きがまえ き ケ け キ いき
岐		やま き やまへん キ ぎ ギ
希		きんへん き きんべん はばへん まれ こいねがう はば ケ け キ
忌		いまわしい き りっしんべん こころ いみ いむ したごころ キ
汽		さんずい き したみず みず キ
奇		だい き くし だいかんむり くしき めずらしい ダイ あやしい だいかしら キ
祈	祈	き しめすへん ねへん いのる しめす キ
季		き こ こへん こども こどもへん キ
紀		き いとへん いと キ
軌		き くるまへん くるま キ
既	既	き すでに むにょう なし ブ すでのつくり ぶ キ
記		ことば しるす き ごんべん げん ゲン キ
起		おきる おこる はしる おこす き そうにょう たつ キ
飢		ショク うえる き しょくへん キ しょく
鬼		き おに きにょう キ
帰	歸	きんへん き おくる きんべん はばへん かえす かえる はば とつぐ キ
基		もとい もと つちへん き つち キ
寄		き よせる うかんむり キ よる より
規		き みる キ
亀	龜	きゅう きん き キン オツ おつにょう おつ キ かめ つりばり キュウ
喜		よろこぶ くちへん き くち よろこばす キ
幾		ヨウ いく き よう いくつ いとがしら いくら キ
揮		てへん き ふるう て キ
期		ふなづき き ゴ つきへん ご つき キ
棋		き ご キ きへん
貴		かい き たっとぶ とうとぶ こがい かいへん キ たっとい とうとい
棄		き キ すてる きへん
毀		そしる るまた こぼつ こわれる き ほこ こぼれる ほこづくり キ やぶる こわす
旗		ホウ ほうへん き ほう キ はた かたへん
器	器	くちへん き くち うつわ キ
畿		みやこ き たへん キ た
輝		かがやく き くるま くるまへん キ
機		き キ はた きへん
騎		き うま うまへん キ
技		てへん て わざ ぎ ギ
宜		よろしく よろしい うかんむり ぎ ギ
偽	僞	カ にんべん ひとがしら いつわる か ひとやね ひと にせ ぎ ギ いつわり
欺		かける あくび あざむく ぎ ギ
義		ひつじへん ぎ ひつじ ギ
疑		ヒキ ひき ひきへん うたがう ぎ ギ
儀		にんべん ひとがしら ひとやね ひと ぎ ギ
戯	戲	ゲ たすき じゃれる ざれる かのほこ たわむれる げ ほこがまえ ほこ ほこづくり ぎ ギ
擬		てへん もどき て まがい ぎ ギ
犠	犧	き うしへん いけにえ うし キ ぎ ギ
議		ことば ごんべん げん ゲン ぎ ギ
菊		そうこう キク きく くさ くさかんむり
吉		よし くちへん くち キチ キツ きち きつ
喫		のむ くちへん くち キツ きつ
詰		つまる つめ ことば つめる ごんべん げん づめ ゲン キチ キツ つむ きち きつ
却		きゃく まげわりふ キャク かえって しりぞく わりふ しりぞける ふしづくり
客		かく きゃく キャク うかんむり カク
脚		かく キャ きゃく キャク きゃ にくづき あし ニク にく カク
逆		げき しんにゅう しんにょう さか ギャク さかさ ゲキ さからう ぎゃく
虐		しいたげる ギャク とらがしら とらかんむり ぎゃく
九		きゅう ここの ここのつ く ク オツ おつにょう おつ つりばり キュウ
久		きゅう ク はらいぼう ひさしい の く キュウ
及		きゅう およぶ およぼす また および キュウ
弓		きゅう ゆみ ゆみへん キュウ
丘		きゅう おか いち イチ キュウ
旧	舊	きゅう にち キュウ もと にちへん ふるい ひ ひへん
休		やすまる きゅう にんべん ひとがしら ひとやね やすむ ひと やすめる キュウ
吸		きゅう くちへん くち すう キュウ
朽		きゅう きへん き くちる キュウ
臼		きゅう グ うすづく ぐ うす キュウ
求		きゅう さんずい もとめる グ ぐ したみず みず キュウ
究		きゅう あな あなかんむり ク きわめる く キュウ
泣		きゅう さんずい したみず みず なく キュウ
急		きゅう いそぐ せく りっしんべん こころ したごころ いそぎ キュウ
級		きゅう いとへん いと キュウ
糾		きゅう いとへん ただす いと キュウ
宮		きゅう くう みや ク グウ ぐう クウ うかんむり く キュウ
救		きゅう ぼくづくり すくう ぼくにょう とまた のぶん しぶん キュウ
球		きゅう たま おうへん たまへん キュウ
給		きゅう いとへん たまう いと たまえ たもう キュウ
嗅		きゅう くちへん かぐ くち キュウ
窮		きゅう きわまる きわみ キョウ あな あなかんむり きわまり きょう きわめる キュウ
牛		うしへん ギュウ うし ぎゅう
去		む こ コ さる きょ キョ
巨		たくみへん きょ こう コウ キョ たくみ
居		おる かばねだれ いる こ かばね コ しかばね い しかばねかんむり きょ キョ
拒		てへん ご て こばむ きょ キョ ゴ
拠	據	てへん こ コ て きょ キョ よる
挙	擧	こぞる てへん あがる て あげる きょ キョ
虚	虛	むなしい こ うつろ コ とらがしら とらかんむり きょ キョ
許		もと ことば ごんべん げん ゲン ゆるす きょ キョ
距		へだたる あしへん あし きょ キョ けづめ
魚		ぎょ うお ざかな ギョ さかな うおへん
御		ぎょ ギョ ぎょうにんべん おん み お ご ゴ
漁		ぎょ さんずい ギョ あさる したみず みず リョウ りょう
凶		かんにょう キョウ うけばこ きょう
共		はち ハチ キョウ とも ども きょう ともに はちがしら
叫		さけぶ くちへん キョウ くち きょう
狂		いぬ くるおしい キョウ けものへん くるう きょう
京		みやこ けいさんかんむり きん けい ケイ キョウ キン なべぶた けさんかんむり きょう
享		けいさんかんむり キョウ うける なべぶた けさんかんむり きょう こう コウ
供		くう そなえる にんべん グ ひとがしら キョウ ぐ ひとやね ク とも ども ひと きょう クウ く
協		ジュウ キョウ じゅう きょう
況		さんずい キョウ おもむき したみず まして みず きょう いわんや
峡	峽	はざま やま キョウ やまへん きょう こう コウ
挟	挾	はさまる てへん キョウ はさむ ショウ て さしはさむ きょう しょう わきばさむ
狭	狹	せばめる さ いぬ キョウ せまい けものへん きょう こう コウ せばまる
恐		こわがる おそる おそろしい キョウ りっしんべん きょう こころ こわい したごころ おそれる
恭		うやうやしい キョウ りっしんべん きょう こころ したごころ
胸		むね むな キョウ にくづき きょう ニク にく
脅		おびやかす キョウ おどかす にくづき おどす きょう ニク にく
強		ゆみ キョウ ゆみへん しいる つよまる ゴウ つよめる ごう きょう こわい つよい
教		ぼくづくり キョウ おしえる ぼくにょう おそわる のぶん とまた きょう しぶん
郷	鄕	キョウ むら きょう さと ごう おおざと ゴウ
境		つちへん けい ケイ キョウ さかい きょう つち
橋		き キョウ きょう はし きへん
矯		ためる やへん キョウ や きょう
鏡		かねへん けい ケイ キョウ かね かがみ きょう
競		けい ケイ キョウ たつ くらべる たつへん きょう せる きそう
響	響	ひびく おと キョウ おとへん きょう
驚		うまへん キョウ おどろかす うま きょう おどろく
仰		おっしゃる にんべん おおせ ひとがしら ギョウ ぎょう こう ひとやね ひと あおぐ コウ
暁	曉	にち にちへん キョウ ギョウ ぎょう さとる あかつき ひ きょう ひへん
業		き ギョウ ぎょう ゴウ ごう わざ きへん
凝		こごらせる ギョウ ぎょう こごらす にすい こごる こる こらす
曲		ひらび きょく くま まがる いわく キョク まげる
局		かばねだれ きょく かばね しかばね しかばねかんむり キョク つぼね
極		きわまる きわみ きょく き きめる きまる ぎめ ゴク きわまり ごく きわめる キョク きへん
玉		たま おうへん ぎょく だま たまへん ギョク
巾		きん きんへん キン おおい ふく きんべん はばへん ちきり フク きれ はば
斤		おの おのづくり きん キン
均		きん つちへん キン ならす つち
近		きん こん ちかい しんにゅう コン キン しんにょう
金		かねへん かな きん ゴン こん キン コン かね ごん がね
菌		そうこう きん キン くさ くさかんむり
勤	勤	きん ゴン キン ごん いそしむ づとめ つとまる ちから つとめる
琴		たま きん ゴン おうへん キン ごん こと たまへん
筋		きん すじ キン たけ たけかんむり
僅		きん にんべん ゴン ひとがしら キン ごん ひとやね わずか ひと
禁		きん キン しめすへん ねへん しめす
緊		きん いとへん キン いと しまる しめる
錦		かねへん きん キン かね にしき
謹	謹	ことば つつしむ きん キン ごんべん げん ゲン
襟		きん えり キン ころもへん ころも
吟		くちへん くち ギン ぎん
銀		かねへん ギン しろがね かね ぎん
区	區	オウ ク おう こう コウ く かくしがまえ
句		くちへん くち ク く
苦		そうこう くるしい く にがる くるしむ ク くるしめる ぐるしい にがい くさ くさかんむり
駆	驅	かる うまへん うま かける ク く
具		つぶさに はち そなえる ハチ グ ぐ はちがしら
惧		グ りっしんべん ぐ ク こころ したごころ く おそれる
愚		おろか グ りっしんべん ぐ こころ したごころ
空		そら くう むなしい から あける あな あなかんむり すかす あく クウ すく あき
偶		たま にんべん ひとがしら ひとやね ひと グウ ぐう
遇		あう しんにゅう しんにょう グウ ぐう
隅		おか こざとへん グウ ぐう すみ
串		つらぬく くし たてぼう セン かん けん せん ぼう カン ケン
屈		かばねだれ かばね かがめる くつ しかばね しかばねかんむり かがむ クツ
掘		てへん くつ て ほる クツ
窟		こつ いわや あな あなかんむり くつ コツ いはや クツ
熊		ユウ くま れっか ひ ゆう れんが ひへん
繰		いとへん そう ソウ いと くる
君		きみ くん くちへん クン くち ぎみ
訓		くん よむ ことば きん クン おしえる ごんべん キン げん ゲン くんずる
勲	勳	ちから クン いさお くん
薫	薰	そうこう くん クン かおる くさ くさかんむり
軍		いくさ グン くるま くるまへん ぐん
郡		グン むら こおり おおざと ぐん
群		むらがる むれ ひつじへん グン むら ひつじ むれる ぐん
兄		あに けい ケイ キョウ きょう にんにょう ひとあし
刑		ケイ かたな りっとう けい
形		けい ケイ かたち ギョウ かみかざり なり ぎょう がた かた けかざり さんづくり
系		ケイ いとへん いと けい
径	徑	こみち けい ケイ みち ぎょうにんべん ただちに さしわたし
茎	莖	そうこう けい ケイ キョウ くき きょう くさ くさかんむり
係		がかり かかり にんべん けい ひとがしら ケイ ひとやね かかる かかわる ひと
型		つちへん けい ケイ がた かた つち
契		だい けい ケイ だいかんむり ちぎる ダイ だいかしら
計		ことば けい ケイ はかる ごんべん げん ゲン はからう
恵	惠	めぐみ けい ケイ りっしんべん めぐむ え こころ エ したごころ
啓		けい ひらく くちへん ケイ さとす くち
掲	揭	てへん ケイ けい かかげる て
渓	溪	たにがわ さんずい けい ケイ したみず たに みず
経	經	きん けい ケイ はかる キョウ キン いとへん たつ いと のり きょう へる たていと
蛍	螢	むしへん けい ケイ むし ほたる
敬		うやまう けい ぼくづくり キョウ ケイ ぼくにょう とまた のぶん きょう しぶん
景		にち けい にちへん ケイ ひ ひへん
軽	輕	かるい きん けい ケイ キン キョウ くるま かろんじる くるまへん きょう かろやか
傾		かたむける かたむく にんべん けい ひとがしら ケイ かたげる ひとやね ひと かしげる かたぶく
携		たずさわる てへん けい ケイ たずさえる て
継	繼	けい ケイ いとへん いと つぐ まま
詣		ことば けい まいる いたる げい ごんべん けいする ケイ げん ゲン ゲイ もうでる
慶		よろこび けい ケイ りっしんべん こころ したごころ
憬		あこがれる けい ケイ りっしんべん こころ したごころ
稽		いね のぎへん のぎ けい ケイ かんがえる いねへん とどめる
憩		けい ケイ いこう いこい りっしんべん こころ したごころ
警		ことば けい ケイ ごんべん げん ゲン いましめる
鶏	鷄	にわとり とり けい ケイ とりへん
芸	藝	そうこう うえる ウン うん げい のり ゲイ わざ くさ くさかんむり
迎		げい しんにゅう しんにょう むかえる ゲイ
鯨		くじら うお げい さかな ゲイ うおへん
隙		ひま げき きゃく キャク ケキ おか けき すかす こざとへん ゲキ すき すく
劇		げき かたな ゲキ りっとう
撃	擊	うつ げき てへん て ゲキ
激		げき さんずい はげしい したみず みず ゲキ
桁		き けた こう コウ きへん
欠	缺	かく かける けん ケツ あくび けつ ケン
穴		けつ あなかんむり ケツ あな
血		けつ ケツ ち
決		さんずい きめる きまる ぎめ したみず ケツ みず けつ さく
結		ゆわえる ケチ いとへん いと ケツ むすぶ けつ ゆう けち
傑		にんべん ひとがしら ひとやね ケツ すぐれる ひと けつ
潔		さんずい したみず いさぎよい ケツ みず けつ
月		ふなづき ゲツ つきへん つき がつ ガツ げつ
犬		けん けものへん ケン いぬ
件		にんべん ひとがしら ひとやね けん ひと ケン くだん
見		みせる みえる けん みる ケン
券		けん かたな りっとう ケン
肩		にくづき けん かた ニク にく ケン
建		えんにゅう たて こん いんにょう コン えんにょう たつ けん だて たてる ケン
研	硏	いしへん けん とぐ いし ケン
県	縣	め よこめ めへん かける けん ケン
倹	儉	にんべん ひとがしら つましい ひとやね けん ひと つづまやか ケン
兼		はち ハチ かねる けん はちがしら ケン
剣	劍	つるぎ けん かたな りっとう ケン
拳		てへん こぶし げん けん ゲン て ケン
軒		くるま くるまへん けん ケン のき
健		すこやか にんべん ひとがしら ひとやね けん ひと ケン
険	險	おか けわしい けん こざとへん ケン
圏	圈	かこい ケン けん くにがまえ
堅		つちへん かたい けん がたい つち ケン
検	檢	き しらべる けん ケン きへん
嫌		おんな げん けん ゲン いや きらい おんなへん きらう ケン
献	獻	こん いぬ コン けん けものへん たてまつる ケン
絹		いとへん けん いと きぬ ケン
遣		つかい づかい しんにゅう やる つかわす しんにょう けん つかう ケン
権	權	ゴン き はかる ごん けん おもり かり ケン きへん
憲		りっしんべん けん こころ したごころ ケン
賢		かい かしこい けん こがい かいへん ケン
謙		ことば ごんべん げん けん ゲン へりくだる ケン
鍵		かねへん かね けん かぎ ケン
繭		まゆ いとへん けん いと きぬ ケン
顕	顯	あらわれる けん おおがい あきらか ケン
験	驗	しるし ためす うまへん うま ためし げん けん ゲン あかし ケン
懸		りっしんべん かける けん かかる こころ ケ したごころ け ケン
元		もと ガン げん ゲン がん にんにょう ひとあし
幻		ヨウ よう げん まぼろし ゲン いとがしら
玄		げん ゲン くろ くろい
言		ことば ゴン ごんべん ごん げん ゲン こと いう
弦		ゆみ ゆみへん げん つる ゲン
限		おか かぎり かぎる げん ゲン こざとへん
原		げん ゲン がんだれ はら
現		あらわれる たま あらわす おうへん うつつ げん ゲン たまへん
舷		ふねへん ふなべり ふね げん ゲン ふなばた
減		さんずい へらす げん したみず ゲン みず へる
源		さんずい げん したみず ゲン みなもと みず
厳	嚴	がんだれ ゴン いかめしい ごん げん いつくし ゲン おごそか きびしい
己		おのれ イ き すでに こ し コ み つちのと い シ キ な
戸		とかんむり と こ とびらのと コ とだれ
古		くちへん ふるす こ コ くち ふるい ふる
呼		よぶ くちへん こ コ くち
固		くにがまえ かためる こ かたまり かたい コ かたまる
股		こ コ にくづき また もも ニク にく
虎		こ コ とら とらがしら とらかんむり
孤		こ こへん コ こども こどもへん
弧		こ ゆみ ゆみへん コ
故		もと ぼくづくり こ コ ぼくにょう ふるい のぶん ゆえ とまた しぶん
枯		き こ コ からす かれる きへん
個		カ にんべん ひとがしら こ か コ ひとやね ひと
庫		こ コ くら ク まだれ く
湖		みずうみ さんずい こ コ したみず みず
雇		コ こ やとう ふるとり
誇		ことば こ ごんべん コ げん ゲン ほこる
鼓		つづみ こ コ
錮		かねへん こ かね コ ふさぐ
顧		こ おおがい かえりみる コ
五		いつつ に いつ ご ニ ゴ
互		かたみに に ご ニ たがい ゴ
午		うま ジュウ ご じゅう ゴ
呉		くちへん くれ くち ご くれる ゴ
後		あと ゴ のち ぎょうにんべん おくれる ご こう コウ うしろ
娯		おんなへん おんな ご ゴ
悟		りっしんべん さとる ご こころ したごころ ゴ
碁		いしへん いし ご ゴ
語		ことば かたる ごんべん かたらう げん ゲン ご ゴ
誤		ことば ごんべん げん あやまる ゲン ご ゴ
護		まもる ことば ごんべん げん ゲン ご ゴ
口		くちへん くち ク こう コウ く
工		グ ぐ たくみへん ク こう コウ く たくみ
公		はち コウ ハチ おおやけ ク こう はちがしら く
勾		つつみがまえ ク かぎ まがる こう コウ く
孔		こ こへん あな ク こどもへん こども こう コウ く
功		ちから いさお ク こう コウ く
巧		うまい たくむ たくみへん こう コウ たくみ
広	廣	ひろめる ひろがる コウ ひろまる ひろい こう まだれ ひろげる
甲		た たへん かん こう コウ カン きのえ
交		けいさんかんむり かう かわす まざる まじわる まぜる なべぶた けさんかんむり まじる まじえる こう コウ こもごも
光		ひかり ひかる にんにょう ひとあし こう コウ
向		くちへん むい むかう こう くち むける むけ むこ むかい むく むき コウ むこう
后		きさき くちへん くち ご こう コウ ゴ
好		おんな このむ いい おんなへん よい こう コウ すく
江		さんずい したみず みず え こう コウ
考		かんがえる おいかんむり かんがえ おいがしら こう コウ おいる
行		いく おこなう ギョウ ぎょう ゆきがまえ ゆく ゆき あん アン ぎょうがまえ こう コウ いき
坑		こう コウ つち つちへん
孝		キョウ こへん こ こども こどもへん きょう こう コウ
抗		あらがう てへん て こう コウ
攻		せめる ぼくづくり しぶん ぼくにょう とまた のぶん こう コウ
更		ふかす ひらび さらに こう ふける いわく コウ さら
効	效	ならう ちから きく ききめ こう コウ
幸		さいわい かん いちじゅう こう コウ カン さち しあわせ ほす
拘		てへん かかわる て こう コウ
肯		がえんじる にくづき ニク にく こう コウ
侯		にんべん ひとがしら ひとやね ひと こう コウ
厚		がんだれ あか あつい こう コウ
恒	恆	つねに コウ りっしんべん つね こころ こう したごころ
洪		さんずい したみず みず こう コウ
皇		オウ しろへん しろ おう こう コウ
紅		いとへん いと ク くれない べに こう コウ あかい く
荒		あれる そうこう あらし あらい すさぶ あらす すさむ こう コウ くさ くさかんむり
郊		こう コウ むら おおざと
香		カ キョウ かおる か きょう かおり こう コウ
候		にんべん ひとがしら そうろう ひとやね ひと こう コウ
校		き キョウ きょう こう コウ きへん
耕		らいすき たがやす こう コウ すきへん
航		こう コウ ふね ふねへん
貢		かい ク みつぐ こがい かいへん こう コウ く
降		おりる おか くだす おろす こざとへん ふり ご くだる こう コウ ゴ ふる
高		たか たかめる たかい だか こう コウ たかまる
康		こう コウ まだれ
控		てへん ひかえ て こう コウ ひかえる
梗		おおむね やまにれ き キョウ ふさぐ きょう こう コウ きへん
黄	黃	オウ き こ おう こう コウ
喉		くちへん くち のど こう コウ
慌		コウ りっしんべん あわてる こころ こう したごころ あわただしい
港		さんずい みなと したみず みず こう コウ
硬		いしへん かたい いし こう コウ
絞		いとへん しぼる いと しまる しめる こう コウ
項		こう おおがい コウ うなじ
溝		さんずい みぞ したみず みず こう コウ
鉱	鑛	かねへん かね あらがね こう コウ
構		かまえる き かまう こう コウ きへん
綱		いとへん いと こう コウ つな
酵		とり とりへん さけのとり こう コウ ひよみのとり
稿		いね のぎへん のぎ したがき わら いねへん こう コウ
興		おこる おこす キョウ きょう うす こう コウ
衡		ぎょうがまえ こう コウ ゆきがまえ
鋼		かねへん はがね かね こう コウ
講		ことば ごんべん げん ゲン こう コウ
購		かい こがい こう コウ かいへん
乞		キケ こつ つりばり き コチ こう オツ こち おつにょう おつ キ コツ きけ キツ きつ
号	號	さけぶ くちへん よびな くち ごう ゴウ
合		ガッ カッ あう くちへん くち あい かっ ごう あわせる ゴウ がっ あわす
拷		ゴウ て ごう てへん
剛		かたな りっとう ごう ゴウ
傲		にんべん ひとがしら ひとやね おごる ひと あなどる ごう ゴウ
豪		えらい いのこ ぶた ごう いのこへん ゴウ
克		こく コク かつ にんにょう ひとあし
告		つげる こく コク くちへん くち
谷		きわまる こく コク たに たにへん
刻		こく コク きざむ かたな きざみ りっとう
国	國	くに くにがまえ こく コク
黒	黑	くろ こく コク くろい くろずむ
穀	穀	いね のぎへん のぎ こく コク いねへん
酷		とり こく コク とりへん ひどい さけのとり ひよみのとり
獄		いぬ ゴク けものへん ごく
骨		コツ こつ ほねへん ほね
駒		こま うまへん うま ク く
込		こむ こめる しんにゅう しんにょう こみ
頃		けい ケイ キョウ ころ おおがい きょう しばらく ごろ
今		きん にんべん こん ひとがしら キン コン ひとやね いま ひと
困		こん こまる コン くにがまえ
昆		にち こん にちへん コン ひ ひへん
恨		こん コン りっしんべん こころ したごころ うらむ うらめしい
根		こん き コン ね きへん
婚		おんな おんなへん コン こん
混		まじり こむ さんずい こん まざる コン まぜる したみず みず まじる
痕		コン やまいだれ あと こん
紺		いとへん いと コン こん
魂		たましい おに たま こん コン きにょう
墾		はる こん つちへん ひらく コン つち
懇		ねんごろ こん コン りっしんべん こころ したごころ
左		さ たくみへん しゃ サ ひだり シャ こう コウ たくみ
佐		にんべん さ ひとがしら ひとやね サ ひと
沙		さんずい さ よなげる しゃ したみず サ みず シャ すな
査		き サ さ きへん
砂		いしへん さ しゃ いし サ シャ すな
唆		さ くちへん そそる くち サ そそのかす
差		さ さす さし たくみへん サ こう コウ たくみ
詐		ことば さ いつわる ごんべん げん ゲン サ
鎖		かねへん さ くさり かね サ とざす
座		ザ まだれ ざ すわる
挫		さ てへん くじく サ ざ て ザ くじける
才		サイ てへん て さい
再		えんがまえ まきがまえ さ どうがまえ けいがまえ サイ サ さい ふたたび
災		れっか サイ ひ わざわい さい れんが ひへん
妻		つま おんな サイ さい おんなへん
采		とる のごめ のごめへん サイ いろどり さい
砕	碎	いしへん くだく サイ いし さい くだける
宰		サイ うかんむり さい
栽		き サイ きへん さい
彩		いろどる かみかざり サイ さい けかざり さんづくり
採		とる てへん サイ て さい
済	濟	さんずい わたし すくう すまない すむ すます サイ したみず ずみ みず せい さい わたる セイ なす
祭		まつる しめすへん ねへん サイ まつり さい しめす
斎	齋	つつしむ ぶんにょう いわう いつく ブン ものいみ サイ ぶん さい いむ ふみつくり とき
細		こまか いとへん ほそい サイ いと ほそる こまかい さい
菜		そうこう サイ さい くさ くさかんむり な
最		ひらび つま シュ サイ しゅ さい いわく もっとも
裁		ころもへん ころも サイ たつ さい さばく
債		にんべん ひとがしら ひとやね サイ ひと さい
催		もよおす にんべん もようす ひとがしら ひとやね サイ ひと さい
塞		つちへん ふさがる サイ ソク そく ふさぐ とりで さい つち みちる
歳		さい とめへん とし とせ サイ とめる せい セイ よわい
載		のる くるま のせる くるまへん サイ さい
際		おか きわ サイ ぎわ こざとへん さい
埼		さき つちへん き さい みさき つち キ
在		つちへん ザイ ざい ある つち
材		き ざい ザイ きへん
剤	劑	けずる かる スイ すい ザイ ざい かたな りっとう せい セイ
財		かい ザイ たから ゾク サイ ぞく ざい こがい さい かいへん
罪		よんがしら あみがしら あみめ つみ ザイ ざい
崎		さき やま き やまへん さい みさき キ
作		づくり さく にんべん さ ひとがしら ひとやね サ ひと つくる サク つくり
削		そぐ はつる けずる かたな りっとう サク さく
昨		にち にちへん ひ ひへん サク さく
柵		さく さん き やらい しがらむ とりで サン しがらみ サク きへん
索		いとへん いと サク さく
策		さく たけ サク たけかんむり
酢		とり ひよみのとり とりへん さけのとり す サク さく
搾		てへん しぼる て サク さく
錯		かねへん シャク かね しゃく サク さく
咲		くちへん ショウ ざき くち しょう さく
冊		えんがまえ まきがまえ どうがまえ さつ けいがまえ サツ ふみ サク さく
札		ふだ き さつ サツ きへん
刷		ずり さつ サツ する かたな りっとう はく
刹		せち さつ サツ セチ かたな りっとう せつ セツ
拶		てへん せまる さつ サツ て
殺	殺	そぐ ころす るまた あやめる セツ さつ サツ サイ ごろし さい ほこ せつ ほこづくり
察		サツ うかんむり さつ
撮		とる てへん さつ サツ て つまむ どり
擦		こすれる ずれ てへん さつ サツ する て こする すれる
雑	雜	ゾウ ざつ ふるとり ぞう まじる まじえる ザツ
皿		ベイ べい さら
三		ゾウ いち さん み イチ みっつ ぞう サン みつ
山		やま さん セン やまへん サン せん
参	參	まい む まいる さん サン しん シン まじわる みつ
桟	棧	さん かけはし き セン サン せん きへん
蚕	蠶	むしへん さん テン こ てん かいこ むし サン
惨	慘	さん いたむ ざん りっしんべん サン むごい こころ したごころ ザン みじめ
産		むす さん うぶ ショウ うむ サン いきる せい しょう セイ うまれる
傘		にんべん さん ひとがしら ひとやね かさ サン ひと
散		ばらける ちらかす ちらかる ぼくづくり さん ちる ぼくにょう ちらばる のぶん サン とまた ばら しぶん ちらす
算		さん サン たけ そろ たけかんむり
酸		とり さん すい とりへん サン さけのとり ひよみのとり
賛	贊	かい たたえる さん サン こがい たすける かいへん
残	殘	いちたへん ガツ がつへん さん ざん かばねへん のこり サン のこる しにがまえ がつ そこなう のこす ザン
斬		ぜん おのづくり きる きん さん ゼン ざん キン セン おの サン せん ザン
暫		にち にちへん ざん ひ しばらく ザン ひへん
士		さむらい シ し さむらいかんむり
子		ス ツ つ こへん こ し ね こどもへん こども シ す
支		かう えだにょう ささえる し しにょう じゅうまた シ つかえる
止		よす さし とまる とめへん し やめる とどめ とどまる とめる やむ どめ シ とどめる どまり さす
氏		シ うじ し
仕		ジ にんべん ひとがしら し じ ひとやね ひと シ つかえる
史		くちへん シ くち し
司		つかさどる くちへん し くち シ
四		くにがまえ よ よっつ し よつ よん シ
市		いち きんへん きんべん はばへん し はば シ
矢		シ やへん し や
旨		うまい にち むね にちへん し ひ シ ひへん
死		しぬ いちたへん がつへん かばねへん し しにがまえ がつ シ ガツ しに
糸	絲	シ いと し いとへん
至		いたるへん シ いたる し
伺		にんべん ひとがしら し ひとやね ひと うかがう シ
志		こころざし しりんぐ したごころ し こころざす りっしんべん こころ シ シリング
私		いね のぎへん のぎ わたくし わたし し いねへん シ
使		つかい にんべん づかい ひとがしら し ひとやね ひと つかう シ
刺		さし し かたな りっとう とげ シ ささる さす
始		おんな し はじめる シ おんなへん はじまる
姉		おんな し シ おんなへん あね はは
枝		き し シ えだ きへん
祉	祉	し しめすへん ねへん シ しめす
肢		し にくづき にく ニク シ
姿		おんな し すがた シ おんなへん
思		おもう おぼす し りっしんべん おもえらく こころ シ したごころ
指		てへん ゆび さし し て シ さす
施		ホウ ほうへん セ し せ ほう ほどこす シ かたへん
師		きんへん いくさ きんべん はばへん し はば シ
恣		し りっしんべん ほしいまま こころ シ したごころ
紙		いとへん し いと かみ シ
脂		あぶら し にくづき にく ニク シ
視	視	シ みる し
紫		いとへん し いと むらさき シ
詞		ことば ごんべん し げん ゲン シ
歯	齒	とめへん し とめる よわいする は シ よわい
嗣		くちへん シ くち し
試		ためす ことば ごんべん し げん ゲン シ こころみる
詩		ことば うた ごんべん し げん ゲン シ
資		かい し こがい シ かいへん
飼		ショク かう しょくへん し シ しょく
誌		ことば ごんべん し げん ゲン シ
雌		め ふるとり し めん シ めす
摯		にえ てへん いたる し て つかむ シ
賜		かい たまう たまわる し こがい シ たもう かいへん
諮		ことば はかる ごんべん し げん ゲン シ
示		ジ し しめすへん じ ねへん シ しめす
字		あざ ジ こ こへん じ こどもへん こども あざな な
寺		てら ジ じ スン すん
次		ジ し じ つぎ かける あくび つぐ シ
耳		みみへん ジ みみ じ
自		みずから ジ おのずから し じ おのずと シ
似		ジ にんべん ひとがしら ひる じ ひとやね にる ひと
児	兒	ジ っこ に げい こ じ ニ にんにょう ゲイ ひとあし
事		はねぼう ジ ず じ ズ ケツ かぎ つかう けつ こと つかえる
侍		ジ にんべん ひとがしら し じ さむらい ひとやね はべる ひと シ
治		おさまる さんずい ジ ち なおす チ じ したみず みず なおる おさめる
持		もつ ジ もち てへん じ て もてる
時		どき にち ジ にちへん じ ひ ひへん とき
滋		ジ さんずい し じ したみず みず シ
慈		ジ りっしんべん じ いつくしむ こころ したごころ
辞	辭	ジ いなむ やめる じ しん シン からい
磁		いしへん いし ジ じ
餌		ショク ジ もち に しょくへん じ ニ え えさ えば しょく
璽		ジ たま おうへん じ たまへん
鹿		ロク か しか ろく
式		よく しき しきがまえ シキ ヨク
識		ことば しるす しき しる ごんべん げん ゲン シキ
軸		じく くるま ジク くるまへん
七		シチ いち なの なな しち イチ ななつ
𠮟		シツ カ しかる シチ くちへん しつ か くち しち
失		シツ だい だいかんむり うしなう しつ ダイ だいかしら うせる
室		シツ しつ うかんむり むろ
疾		シツ しつ はやい やまいだれ
執		シツ しゅう とる つちへん シュウ しつ つち
湿	濕	シツ しゅう さんずい うるおす シュウ しつ したみず みず しめる しめす うるおう
嫉		シツ にくむ しつ おんな そねむ おんなへん ねたむ
漆		シツ さんずい しつ したみず みず うるし
質		シツ かい シチ たち ち もと ただす チ しつ しち こがい わりふ かいへん
実	實	まこと シツ じつ みのる ジツ しつ みの み うかんむり みちる
芝		そうこう しば し シ くさ くさかんむり
写	寫	うつ べきかんむり うつす ジャ うつる うつし わかんむり しゃ シャ じゃ
社	社	しめすへん ねへん しゃ しめす シャ やしろ
車		しゃ くるま シャ くるまへん
舎		せき にんべん ひとがしら セキ ひとやね しゃ やどる シャ ひと
者	者	おいかんむり おいがしら しゃ シャ もの おいる
射		うつ いる しゃ スン シャ すん さす
捨		てへん しゃ て すてる シャ
赦		あか あかへん しゃ シャ ゆるす
斜		ます とます ななめ と はす しゃ シャ ト
煮	煮	に れっか しゃ にやす にる ひ シャ れんが にえる ひへん
遮		しんにゅう しんにょう しゃ シャ さえぎる
謝		ことば ごんべん げん しゃ あやまる ゲン シャ
邪		ジャ むら おおざと じゃ よこしま
蛇		むしへん だ ヤ ジャ イ や むし へび い じゃ ダ
尺		せき かばねだれ さし シャク セキ かばね しかばね しゃく しかばねかんむり
借		にんべん ひとがしら シャク ひとやね しゃく ひと かりる
酌		とり シャク とりへん しゃく さけのとり ひよみのとり くむ
釈	釋	せき のごめ とく シャク のごめへん セキ しゃく すてる ゆるす
爵		つめ そうにょう シャク しゃく つめかんむり
若		ニャク そうこう もし じゃく わか にゃく ニャ ごとし もしくは ジャク わかい もしくわ くさ くさかんむり にゃ
弱		ゆみ よわる じゃく よわめる ゆみへん よわまる ジャク よわい
寂		せき さびしい じゃく さみしい さび セキ さびれる ジャク うかんむり
手		てへん ず シュ しゅ て ズ た
主		おも しゅう あるじ ス シュウ てん シュ しゅ ぬし す
守		まもる ス まもり シュ もり しゅ かみ す うかんむり
朱		きへん き シュ しゅ あけ
取		とり とる シュ しゅ また どり
狩		かる いぬ シュ がり けものへん しゅ かり
首		シュ くび しゅ
殊		いちたへん がつへん かばねへん シュ しゅ しにがまえ がつ ガツ こと
珠		たま おうへん シュ しゅ たまへん
酒		とり とりへん シュ さか さけ しゅ さけのとり ひよみのとり
腫		はらす ショウ シュ にくづき はれもの ニク しゅ しょう はれ はれる にく
種		いね のぎへん のぎ ぐさ シュ しゅ いねへん たね
趣		はしる そうにょう おもむき おもむく シュ しゅ
寿	壽	ス しゅう ジュ ことぶく シュウ ことほぐ スン ことぶき す すん じゅ
受		ジュ うかる うける また じゅ うけ
呪		しゅう ジュ のろい まじない シュウ くちへん のろう ず シュ くち しゅ ズ まじなう じゅ
授		ジュ てへん さずかる て さずける じゅ
需		あめかんむり ジュ じゅ あめ
儒		ジュ にんべん ひとがしら ひとやね ひと じゅ
樹		き ジュ じゅ きへん
収	收	しゅう おさまる シュウ また おさめる
囚		しゅう シュウ とらわれる くにがまえ
州		さんぽがわ ス しゅう シュウ まがりかわ かわ す
舟		しゅう ふねへん シュウ ふな ふね ぶね
秀		いね のぎへん しゅう のぎ シュウ ひいでる いねへん
周		しゅう シュウ くちへん まわり くち
宗		しゅう むね シュウ そう ソウ うかんむり
拾		しゅう シュウ てへん ジュウ て ひろう じゅう
秋		いね のぎへん しゅう のぎ シュウ あき いねへん とき
臭	臭	しゅう ジ みずから シュウ くさい じ におう におい
修		しゅう おさまる にんべん シュウ ひとがしら シュ ひとやね しゅ ひと おさめる
袖		しゅう シュウ ころもへん ころも そで
終		しゅう シュウ ついに いとへん いと おえる おわる つい
羞		しゅう シュウ ひつじへん すすめる はずかしい はじる ひつじ
習		しゅう ジュ シュウ ならう はね ならい じゅ
週		しゅう しんにゅう しんにょう シュウ
就		しゅう ジュ まげあし シュウ つく おうにょう つける だいのまげあし おう オウ じゅ
衆		しゅう ち シュウ おおい シュ しゅ
集		つどう しゅう あつめる ふるとり シュウ あつまる
愁		しゅう シュウ うれえる りっしんべん こころ うれい したごころ
酬		しゅう とり ひよみのとり トウ シュウ とりへん シュ しゅ さけのとり とう むくいる
醜		しゅう とり シュウ みにくい とりへん しこ さけのとり ひよみのとり
蹴		しゅう シュウ しゅく あしへん ける シュク あし
襲		しゅう シュウ ころもへん ころも おそう かさね
十		ジッ とお と ジュウ じっ そ じゅう ジュッ じゅっ
汁		さんずい しる ジュウ したみず みず じゅう つゆ
充		あてる ジュウ にんにょう ひとあし じゅう みたす
住		ずまい ヂュウ すまう にんべん ひとがしら ちゅう すむ ジュウ ひとやね ひと じゅう チュウ ぢゅう
柔		やわらか ニュウ にゅう き やわら ジュウ やわ やわらかい じゅう きへん
重		かさなる おも おもなう チョウ ちょう かさねる さとへん ジュウ おもり おもい さと え じゅう
従	從	ジュ したがえる したがう ショウ ぎょうにんべん ジュウ しょう じゅう じゅ より
渋	澁	しゅう さんずい シュウ しぶい ジュウ したみず しぶ みず しぶる じゅう
銃		かねへん かね ジュウ つつ じゅう
獣	獸	いぬ けもの ジュウ けものへん けだもの じゅう
縦	縱	たて いとへん ジュウ いと じゅう
叔		しゅく シュク また
祝	祝	しゅう シュウ しゅく いわう しめすへん ねへん シュク しめす
宿		やどす しゅく やど やどる シュク うかんむり
淑		さんずい しゅく したみず シュク みず しとやか
粛	肅	イツ つつしむ しゅく いつ ふでづくり シュク スク すく
縮		ちぢれる しゅく いとへん ちぢめる いと シュク ちぢらす ちぢむ ちぢまる
塾		ジュク じゅく つちへん つち
熟		うれる ジュク れんが れっか ひ じゅく ひへん
出		で かんにょう だす スイ いだす すい シュツ でる いでる うけばこ しゅつ
述		しんにゅう のべる しんにょう じゅつ ジュツ
術		すべ ゆきがまえ じゅつ ジュツ ぎょうがまえ
俊		にんべん しゅん ひとがしら ひとやね ひと シュン
春		はる にち しゅん にちへん ひ シュン ひへん
瞬		め よこめ しゅん めへん まじろぐ またたく シュン
旬		にち しゅん にちへん じゅん ひ ジュン シュン ひへん
巡		さんぽがわ まがりかわ かわ じゅん めぐる ジュン めぐり
盾		め よこめ たて めへん じゅん ジュン
准		にすい ジュン じゅん
殉		ガツ がつへん かばねへん じゅん ジュン しにがまえ がつ いちたへん
純		いとへん いと ジュン じゅん
循		ぎょうにんべん ジュン じゅん
順		おおがい ジュン じゅん
準		じゅんずる ひとしい さんずい じゅんじる じゅん したみず みず ジュン のり なぞらえる みずもり
潤		さんずい うるおす じゅん したみず みず ジュン うるむ うるおう
遵		しんにゅう ジュン しんにょう じゅん
処	處	つくえきにょう おる かぜかんむり こ きにょう かぜがまえ つくえ ところ ショ しょ
初		はじめて はじめ はつ ぞめ そめる かたな ショ りっとう しょ うい
所		とかんむり と どころ とびらのと ところ ショ とだれ しょ とこ
書		かく ひらび がき ショ しょ いわく
庶		しょ まだれ ショ
暑	暑	にち にちへん あつい ひ ショ しょ ひへん
署	署	よんがしら あみがしら あみめ ショ しょ
緒	緖	いとへん いとぐち いと チョ お ショ しょ ちょ
諸	諸	ことば ごんべん げん ゲン ショ しょ もろ
女		め ニョ ジョ おんな にょ じょ ニョウ おんなへん にょう
如		ニョ ジョ おんな にょ ごとし じょ おんなへん
助		ジョ たすかる すける たすける じょ ちから すけ
序		じょ まだれ ジョ ついで
叙	敍	ついず ジョ ついで また じょ
徐		ぎょうにんべん おもむろに じょ ジョ
除		ジ ジョ おか じ よけ こざとへん のぞく じょ
小		ちいさい さ こ ショウ しょうがしら お なおがしら しょう
升		ます ショウ ジュウ しょう じゅう
少		ちいさい すくない ショウ しょうがしら すこし なおがしら しょう
召		くちへん ショウ くち しょう めす
匠		しょう はこがまえ ショウ たくみ
床		とこ ショウ しょう ゆか まだれ
抄		しょう ショウ て てへん
肖		ショウ にくづき ニク あやかる しょう にく
尚		なお ちいさい ショウ しょうがしら なおがしら しょう
招		てへん ショウ て まねく しょう
承		うけたまわる てへん ショウ うける ジョウ て じょう しょう
昇		にち にちへん のぼる ショウ ひ しょう ひへん
松		き ショウ まつ しょう きへん
沼		さんずい ぬま ショウ したみず みず しょう
昭		にち にちへん ショウ ひ しょう ひへん
宵		よい うかんむり しょう ショウ
将	將	まさ そう ソウ ショウ スン まさに もって しょう すん ひきいる はた
消		さんずい きえる ショウ したみず けす みず しょう
症		しょう やまいだれ ショウ
祥	祥	さいわい きざし しめすへん ショウ ねへん しめす つまびらか しょう よい
称	稱	いね のぎへん たたえる のぎ はかり はかる ほめる ショウ あげる かなう いねへん しょう となえる
笑		わらう えむ ショウ たけ しょう たけかんむり
唱		くちへん ショウ くち しょう となえる
商		あきなう くちへん ショウ くち しょう
渉	涉	さんずい ショウ したみず みず しょう わたる
章		しょう たつ たつへん ショウ
紹		しょう いとへん いと ショウ
訟		ことば ごんべん ショウ げん ゲン しょう
勝		がち かつ ショウ すぐれる しょう ちから まさる
掌		たなごころ てへん ショウ て しょう てのひら
晶		にち にちへん ショウ ひ しょう ひへん
焼	燒	やき ショウ れっか ひ しょう やける やく れんが ひへん
焦		こがれる あせる こげる こがす ショウ れっか ひ じらす じれる しょう れんが ひへん
硝		いしへん いし しょう ショウ
粧		しょう こめ こめへん ショウ
詔		ことば ごんべん ショウ げん ゲン みことのり しょう
証	證	ことば ごんべん ショウ げん ゲン しょう あかし
象		かたどる ゾウ ショウ いのこ ぶた ぞう しょう いのこへん
傷		にんべん ひとがしら いたむ ショウ ひとやね ひと しょう きず いためる
奨	奬	だい だいかんむり すすめる そう ソウ ショウ ダイ だいかしら しょう
照		ショウ れっか てる てらす ひ てれる しょう れんが ひへん
詳		ことば ごんべん くわしい ショウ げん ゲン つまびらか しょう
彰		かみかざり ショウ しょう けかざり さんづくり
障		おか ショウ こざとへん さわる しょう
憧		あこがれる トウ どう りっしんべん ショウ ドウ こころ しょう したごころ とう
衝		つく ゆきがまえ ショウ ぎょうがまえ しょう
賞		かい ほめる ショウ こがい しょう かいへん
償		にんべん ひとがしら ショウ ひとやね ひと しょう つぐなう
礁		いしへん いし しょう ショウ
鐘		しょう かねへん かね ショウ
上		ショウ かみ あがり たてまつる ジョウ しゃん しょう のぼす のぼる のぼせる あげる いち うわ シャン あがる うえ のぼり イチ じょう
丈		いち だけ イチ ジョウ じょう たけ
冗		べきかんむり わかんむり ジョウ じょう
条	條	すじ チョウ き でき デキ ちょう ジョウ じょう えだ きへん
状	狀	けものへん ジョウ じょう いぬ
乗	乘	のる のせる ショウ はらいぼう ジョウ のり じょう しょう の
城		つちへん セイ ジョウ じょう せい しろ つち
浄	淨	きよめる きよい さんずい したみず ジョウ みず じょう せい セイ
剰	剩	あまつさえ あまる ジョウ かたな じょう あまり りっとう
常		きんへん きんべん はばへん つね ジョウ はば じょう とこ
情		なさけ りっしんべん ジョウ こころ じょう せい したごころ セイ
場		つちへん チョウ ちょう ば ジョウ じょう つち
畳	疊	かさなる チョウ ちょう たへん たたむ ジョウ じょう たたみ た
蒸		そうこう むす むらす セイ ジョウ じょう せい むれる くさ くさかんむり
縄	繩	いとへん ただす いと ジョウ じょう なわ
壌	壤	つち ジョウ つちへん じょう
嬢	孃	むすめ おんな ジョウ じょう おんなへん
錠		かねへん ジョウ かね じょう
譲	讓	ことば ごんべん げん ゲン ジョウ じょう ゆずる
醸	釀	とり かもす とりへん ジョウ じょう さけのとり ひよみのとり
色		ショク しき いろ シキ しょく
拭		ショク てへん しき ふく て シキ ぬぐう しょく
食		ショク くう はむ じき くらう たべる しょくへん ジキ しょく
植		ショク うえる き うわる しょく きへん
殖		ショク いちたへん ふやす がつへん かばねへん ふえる しにがまえ がつ ガツ しょく
飾		ショク しょくへん かざり かざる しょく
触	觸	ショク つの ふれる つのへん さわ さわる しょく
嘱	囑	ショク くちへん たのむ くち しょく しょくする
織		ショク おる いとへん しき いと おり シキ しょく
職		ショク みみへん ソク そく みみ しょく
辱		ジョク はずかしめる じょく しんのたつ
尻		しり かばねだれ かばね しかばね しかばねかんむり こう コウ
心		りっしんべん しん シン こころ ごころ したごころ
申		もうす もうし たへん しん シン さる た
伸		のす にんべん ひとがしら のべる ひとやね しん ひと シン のびる のばす
臣		じん しん シン ジン
芯		そうこう しん シン くさ くさかんむり
身		シン み しん みへん
辛		つらい かのと しん シン づらい からい
侵		にんべん ひとがしら ひとやね しん おかす ひと シン
信		にんべん ひとがしら ひとやね しん ひと シン
津		さんずい つ したみず みず しん シン
神	神	ジン かん しめすへん ねへん じん しん シン かみ こう しめす
唇		くちへん くち しん シン くちびる
娠		おんなへん おんな しん シン
振		ふれる てへん ふるう て しん シン ふる
浸		さんずい つかる ひたる したみず ひたす みず しん シン
真	眞	まこと め よこめ ま めへん しん シン
針		かねへん かね はり しん シン
深		さんずい ふかい したみず み みず しん ふかまる シン ふかめる ぶかい
紳		いとへん いと しん シン
進		しんにゅう すすめる しんにょう すすむ しん シン
森		き もり しん シン きへん
診		ことば ごんべん げん ゲン しん シン みる
寝	寢	ねかす いぬ やめる ねる しん シン うかんむり みたまや
慎	愼	つつしむ つつましい つつし りっしんべん つつしみ しん シン こころ したごころ
新		きん おのづくり キン おの あらた あら しん あたらしい シン にい
審		つぶさに つまびらか しん シン うかんむり
震		あめかんむり ふるう ふるえる あめ ふるわす しん シン ふるわせる
薪		そうこう くさかんむり たきぎ しん シン くさ まき
親		したしい したしむ しん シン おや みる
人		にんべん ニン ひとがしら と ジン り ひとやね にん じん ひと
刃		きる ジン ニン かたな じん にん やいば は りっとう
仁		にんべん ニン ひとがしら に ジン ひとやね にん ニ ひと じん
尽	盡	づく かばねだれ さん ジン ことごとく ずく かばね つくす サン しかばね じん つかす しかばねかんむり つきる
迅		しんにゅう じん しんにょう ジン
甚		ジン かん あまい じん はなはだしい はなはだ カン
陣		こざとへん おか じん ジン
尋		たずねる ジン ひろ スン じん すん
腎		ジン にくづき じん ニク にく
須		ス もとめる ひげ すべし シュ もちいる おおがい しゅ まつ す すべからく
図	圖	くにがまえ はかる と ず え ズ ト
水		さんずい スイ すい したみず みず
吹		スイ くちへん すい ふく くち
垂		つちへん スイ すい たれ たらす たれる なんなんとす つち
炊		スイ だき すい たく れっか ひ れんが ひへん
帥		きんへん スイ すい きんべん はばへん はば
粋	粹	スイ すい こめへん こめ いき
衰		スイ すい ころもへん ころも おとろえる
推		てへん スイ すい て おす
酔	醉	とり スイ よ すい よう とりへん さけのとり よい ひよみのとり
遂		スイ ついに すい しんにゅう とげる しんにょう
睡		め ねむる よこめ スイ すい めへん ねむい
穂	穗	いね ほ のぎへん のぎ スイ すい いねへん
随	隨	おか ずい したがう こざとへん ズイ まにまに
髄	髓	ほねへん ズイ ほね ずい
枢	樞	スウ き シュ しゅ からくり すう とぼそ きへん
崇		あがめる スウ やま やまへん すう
数	數	かず ぼくにょう そく サク かぞえる わずらわしい しゅ すう しぶん さく ス せめる ぼくづくり のぶん ソク す スウ シュ とまた しばしば
据		すわる てへん て すえる きょ キョ
杉		さん き すぎ サン きへん
裾		こ ころもへん ころも コ きょ キョ すそ
寸		すん スン
瀬	瀨	さんずい らい したみず せ ライ みず
是		ぜ この にち ゼ にちへん し ひ ここ シ これ ひへん
井		に ショウ ニ い せい しょう セイ
世		いち よ そう ソウ セ せ イチ せい セイ
正		まさ ただす とめへん ショウ とめる せい まさに ただしい しょう セイ
生		むす ショウ うむ いける はえる き う はやす いきる せい しょう おう なす なま なる セイ うまれる うまれ いかす
成		たすき なる かのほこ ジョウ ほこがまえ じょう せい ほこ ほこづくり セイ なす
西		おおいかんむり ス にし サイ せい さい す セイ
声	聲	ショウ さむらい こわ せい しょう さむらいかんむり セイ こえ
制		かたな セイ りっとう せい
姓		おんな ショウ せい しょう おんなへん セイ
征		ぎょうにんべん セイ せい
性		さが りっしんべん ショウ せい こころ しょう したごころ セイ
青		あおい ショウ あお せい しょう セイ
斉	齊	ひとしい はやい ぶんにょう あたる ブン ひとしく ぶん サイ そろう せい さい ふみつくり セイ
政		ぼくづくり ショウ ぼくにょう とまた のぶん せい まつりごと まん しょう しぶん セイ
星		にち ほし にちへん ショウ ひ せい しょう ぼし セイ ひへん
牲		セイ せい うし うしへん
省		め よこめ かえりみる めへん ショウ はぶく せい しょう セイ
凄		さい さむい すさまじい サイ せい にすい すごい セイ
逝		いく しんにゅう しんにょう ゆく せい セイ
清		きよめる きよまる きよい さんずい ショウ したみず みず しん シン せい しょう セイ
盛		もる さかる ジョウ じょう せい さかん セイ さら
婿		おんな むこ せい おんなへん セイ
晴		にち はらす にちへん ばれ ひ せい はれ はれる セイ ひへん
勢		ゼイ ぜい はずみ せい ちから セイ いきおい
聖		ひじり ショウ みみへん せい しょう セイ みみ
誠		まこと ことば ごんべん げん ゲン せい セイ
精		くわしい ショウ こめへん せい しょう こめ セイ しらげる
製		ころもへん セイ せい ころも
誓		ことば ちかう ごんべん げん ゲン せい セイ
静	靜	しずめる しずか ジョウ せい あお しず じょう セイ しずまる
請		ことば ごんべん ショウ うける げん ゲン しん シン せい しょう こう セイ
整		ぼくづくり ととのえる ぼくにょう ととのう のぶん とまた せい しぶん セイ
醒		とり とりへん さめる さます せい さけのとり セイ ひよみのとり
税		いね のぎへん ゼイ のぎ ぜい いねへん
夕		せき タ セキ ゆうべ ゆう た
斥		せき きん おのづくり キン セキ おの しりぞける
石		いしへん せき こく コク シャク セキ いし しゃく
赤		せき あか あからめる シャク あかへん セキ あからむ しゃく あかい
昔		せき にち にちへん シャク セキ ひ しゃく むかし ひへん
析		せき きへん き セキ
席		せき きんへん きんべん はばへん セキ はば むしろ
脊		せき セキ にくづき せ せい ニク にく
隻		せき ふるとり セキ
惜		せき おしむ りっしんべん セキ おしい こころ したごころ
戚		せき たすき うれえる いたむ かのほこ みうち セキ ソク そく ほこがまえ ほこ ほこづくり
責		せき かい せめる セキ こがい かいへん
跡		せき あと あしへん セキ あし
積		いね のぎへん せき のぎ つもる つもり セキ づみ いねへん つむ
績		せき いとへん いと セキ
籍		せき たけかんむり たけ セキ
切		きる ぎれ サイ かたな きれ きれる ぎり さい きり せつ セツ りっとう
折		おる てへん シャク おれる て おり しゃく せつ セツ
拙		てへん つたない て せつ セツ
窃	竊	ぬすむ あな あなかんむり せつ セツ ひそか
接		てへん つぐ ショウ て しょう せつ セツ
設		ことば ごんべん もうける げん ゲン せつ セツ
雪		あめかんむり あめ ゆき せつ セツ
摂	攝	とる かねる てへん ショウ て おさめる しょう せつ セツ
節	節	せち ぶし セチ ふし たけ せつ セツ のっと たけかんむり
説		ゼイ ことば とく ごんべん ぜい げん ゲン せつ セツ
舌		ぜつ ゼツ したへん した
絶		ぜつ たやす いとへん ゼツ たつ いと たえる
千		ち セン ジュウ せん じゅう
川		さんぽがわ まがりかわ かわ セン せん
仙		にんべん ひとがしら セント セン ひとやね ひと せん せんと
占		うらない セン ぼくのと うらなう ボク せん しめる ぼく
先		さき セン にんにょう ひとあし せん まず
宣		せん うかんむり のたまう セン
専	專	セン もっぱら スン せん すん
泉		さんずい いずみ セン したみず みず せん
浅	淺	さんずい あさい セン したみず みず せん
洗		さんずい セン したみず あらう みず せん
染		き しみ セン そめる しみる せん そまる きへん
扇		とかんむり と とびらのと セン とだれ せん おうぎ
栓		き せん セン きへん
旋		ホウ いばり ほうへん セン めぐる ほう せん かたへん
船		ふねへん ふな ふね セン せん
戦	戰	たすき いくさ たたかう おののく わななく かのほこ セン ほこ そよぐ ほこがまえ せん ほこづくり
煎		せんじる いる セン れっか ひ にる せん れんが ひへん
羨		うらやましい えん ひつじへん セン ひつじ あまり エン せん うらやむ
腺		セン にくづき ニク せん にく
詮		かい ことば ごんべん せん セン げん ゲン せんずる あきらか
践	踐	あしへん ふむ セン あし せん
箋		ふだ セン たけ せん たけかんむり
銭	錢	かねへん ぜん ゼン かね セン ぜに せん すき
潜	潛	さんずい ひそむ セン したみず くぐる かくれる みず もぐる せん ひそめる
線		すじ いとへん セン いと せん
遷		うつす うつる しんにゅう みやこがえ セン しんにょう せん
選		しんにゅう セン しんにょう せん えらぶ よる える
薦		そうこう すすめる セン せん くさ くさかんむり
繊	纖	せん いとへん いと セン
鮮		うお さかな セン あざやか せん うおへん
全		ぜん ニュウ いりがしら にゅう ゼン すべて いる まったく いりやね
前		ぜん ゼン かたな りっとう まえ
善		ぜん よく ゼン くちへん いい くち よい よしとする
然		ぜん ねん しかり さ ゼン しかし れっか ひ ネン れんが しか ひへん
禅	禪	ぜん ゼン しずか セン しめすへん ねへん せん しめす ゆずる
漸		ぜん さんずい ゼン すすむ ようよう したみず ようやく みず やや
膳		ぜん そなえる ゼン すすめる セン かしわ にくづき ニク せん にく
繕		ぜん ゼン いとへん いと つくろう
狙		ねらう いぬ ソ けものへん ショ しょ そ ねらい
阻		おか ソ こざとへん はばむ そ
祖	祖	ソ しめすへん ねへん そ しめす
租		いね のぎへん のぎ ソ いねへん そ
素		ス もと ソ いとへん いと す そ
措		てへん ソ おく て そ
粗		あらい ソ こめへん あら こめ そ
組		ぐみ ソ いとへん くみ いと そ くむ
疎		まばら うとむ ソ うとい ヒキ ひき ひきへん ショ しょ そ
訴		ことば ソ ごんべん げん ゲン そ うったえる
塑		でく つちへん ソ そ つち
遡		ソ しんにゅう さかのぼる しんにょう そ サク さく
礎		いしへん ソ いしずえ いし そ
双	雙	たぐい そう ソウ また ふた ならぶ ふたつ
壮	壯	そう ソウ さむらい さむらいかんむり さかん
早		サッ にち はやい はや さ はやまる にちへん そう ソウ さっ ひ はやめる ひへん
争	爭	あらそう はねぼう そう いかでか ソウ ケツ かぎ けつ
走		そうにょう そう はしる ソウ
奏		だい かなでる だいかんむり そう ソウ ダイ だいかしら
相		め よこめ そう めへん ソウ ショウ あい しょう
荘	莊	ほうき そうこう チャン そう ソウ ショウ ちゃん おごそか しょう くさ くさかんむり
草		そうこう そう ソウ ぐさ くさ くさかんむり
送		しんにゅう そう ソウ しんにょう おくる
倉		にんべん ひとがしら そう ソウ くら ひとやね ひと
捜	搜	しゅう シュウ てへん そう ソウ シュ しゅ て さがす
挿	插	てへん そう はさむ ソウ て さす
桑		き そう ソウ くわ きへん
巣	巢	さんぽがわ まがりかわ すくう そう かわ ソウ す
掃		てへん そう ソウ シュ しゅ て はく
曹		ゾウ ひらび そう ソウ ぞう いわく
曽	曾	ゾウ ひらび ぞ ソ そう ソウ ゾ かつ ぞう かつて そ いわく すなわち
爽		さわやか そう ソウ たがう あきらか こう コウ
窓		けむだし ス てんまど まど そう あな あなかんむり ソウ す
創		けずしける そう ソウ ショウ はじめる かたな りっとう しょう つくる きず
喪		も くちへん そう ソウ くち
痩	瘦	しゅう シュウ そう やまいだれ ソウ ちゅう シュ しゅ やせる チュウ
葬		そうこう そう ソウ ほうむる くさ くさかんむり
装	裝	よそおい そう ころもへん ソウ よそおう ショウ ころも しょう
僧	僧	にんべん ひとがしら そう ソウ ひとやね ひと
想		おもう ソ そう ソウ りっしんべん こころ そ したごころ
層	層	かばねだれ そう ソウ かばね しかばね しかばねかんむり
総	總	ふさ すべて いとへん そう ソウ いと
遭		あう しんにゅう そう ソウ しんにょう あわせる
槽		き そう ふね ソウ きへん
踪		あと あしへん そう ソウ ショウ あし しょう
操		あやつる てへん さん そう ソウ サン て みさお
燥		そう ソウ れっか ひ はしゃぐ れんが ひへん
霜		あめかんむり そう ソウ あめ しも
騒	騷	さわぐ うまへん そう うま ソウ さわがしい うれい
藻		も そうこう そう ソウ くさ くさかんむり
造		づくり ゾウ しんにゅう しんにょう ぞう つくる つくり
像		ゾウ にんべん ひとがしら ひとやね ぞう ひと
増	增	ます ゾウ ふやす つちへん まし ふえる ぞう つち
憎	憎	にくい ゾウ にくむ りっしんべん ぞう にくしみ こころ したごころ にくらしい
蔵	藏	そうこう ゾウ そう ソウ くら かくれる ぞう おさめる くさ くさかんむり
贈	贈	かい ゾウ そう おくる ソウ ぞう こがい かいへん
臓	臟	ゾウ にくづき はらわた ぞう ニク にく
即	卽	すなわち まげわりふ つく つける ソク そく わりふ ふしづくり
束		たば たばねる つか き つかねる ソク そく きへん
足		たる たりる あしへん たす ソク そく あし
促		にんべん ひとがしら ひとやね ソク そく ひと うながす
則		のっとる かたな そく りっとう のり ソク すなわち
息		りっしんべん ソク そく こころ したごころ いき
捉		てへん とらえる ソク て そく サク さく
速		はや はやい はやまる しんにゅう しんにょう ソク そく すみやか はやめる
側		にんべん ひとがしら かわ がわ ひとやね ソク そく ひと そば
測		さんずい はかる したみず ソク みず そく
俗		にんべん ひとがしら ゾク ひとやね ぞく ひと
族		ホウ ほうへん ゾク ぞく ほう かたへん
属	屬	ショク やから かばねだれ ゾク つく かばね ぞく しょく しかばね しかばねかんむり さかん
賊		かい ゾク ぞく こがい かいへん
続	續	ショク つぐない いとへん キョウ ゾク つづける いと ぞく つづく きょう こう コウ しょく
卒		ソツ ついに そっする シュツ ジュウ そつ にわか おえる おわる じゅう しゅつ
率		リツ ソツ げん そつ ゲン りつ シュツ しゅつ ひきいる
存		そん たもつ ゾン こへん こ ぞん ソン ながらえる こどもへん こども ある とう
村		そん き むら ソン きへん
孫		そん こ まご こへん ソン こども こどもへん
尊		そん たっとぶ ソン とうとぶ スン すん たっとい とうとい
損		そこねる そん てへん ソン て そこなう
遜		そん しんにゅう したがう ソン しんにょう ゆずる へりくだる
他		ほか にんべん タ ひとがしら ひとやね ひと た
多		タ おおい ゆうべ まさに ゆう まさる た
汰		さんずい タ タイ たい よなげる したみず にごる みず おごる た
打		うつ ダース だ てへん うち ぶつ て ダ だーす
妥		おんなへん おんな だ ダ
唾		だ タ つばき くちへん くち つば ダ た
堕	墮	くずす だ つちへん くずれる ダ つち おちる
惰		だ りっしんべん こころ ダ したごころ
駄		だ タ うまへん うま ダ た
太		だい タ タイ だいかんむり たい ダイ ふとる だいかしら ふとい た
対	對	あいて タイ たい むかう そろい ツイ スン つれあい すん ならぶ こたえる つい
体	體	てい にんべん からだ ひとがしら タイ かたち たい ひとやね テイ ひと
耐		しかして タイ たい しこうして たえる
待		タイ たい ぎょうにんべん まち まつ
怠		なまける タイ たい りっしんべん こころ したごころ おこたる
胎		タイ たい にくづき ニク にく
退		どく タイ しんにゅう しりぞく たい しんにょう ひく のく のける しりぞける
帯	帶	きんへん タイ おび きんべん たい はばへん はば おびる
泰		さんずい タイ たい したみず みず
堆		つちへん うずたかい タイ たい ツイ つち つい
袋		だい タイ ころもへん たい ころも ダイ ふくろ
逮		タイ しんにゅう たい しんにょう
替		ひらび タイ かえ たい かえる いわく かわる
貸		かい かし かす タイ たい こがい かいへん
隊		タイ こざとへん おか たい
滞	滯	てい さんずい タイ たい したみず テイ みず とどこおる
態		タイ たい りっしんべん わざと こころ したごころ
戴		たすき タイ かのほこ いただく たい ほこがまえ ほこ ほこづくり
大		だい タイ だいかんむり たい ダイ おおきい だいかしら おおいに おお
代		かわり だい にんべん ひとがしら タイ よ たい ダイ がわり ひとやね かえる ひと しろ かわる
台	臺	だい くちへん タイ つかさ たい ダイ くち われ うてな
第		てい だい ダイ テイ たけ たけかんむり
題		おおがい だい ダイ
滝	瀧	さんずい そう ソウ ロウ したみず たき みず ろう
宅		うかんむり タク たく
択	擇	タク てへん たく て えらぶ
沢	澤	タク さんずい うるおす たく したみず さわ つや みず うるおい
卓		ジュウ じゅう たく タク
拓		タク てへん ひらく たく て
託		かこつ タク ことば ごんべん かこつける たく げん ゲン
濯		タク さんずい たく すすぐ したみず ゆすぐ みず
諾		ことば ごんべん げん だく ゲン ダク
濁		ジョク さんずい じょく にごす だく したみず にごる ダク みず
但		にんべん たん ひとがしら ただし タン ひとやね ひと
達		たち だ しんにゅう しんにょう たつ ダ タツ
脱		ぬぐ ダツ だつ にくづき ニク にく ぬげる
奪		だい ダツ だつ だいかんむり うばう ダイ だいかしら
棚		ホウ き たな ほう だな きへん
誰		だれ ことば スイ すい ごんべん げん たれ ゲン た
丹		たん に てん タン
旦		だん にち たん にちへん ただし タン ひ あした ダン あさ あきらか あきら ひへん
担	擔	てへん たん タン て になう かつぐ
単	單	ひとえ たん タン ジュウ じゅう
炭		すみ タン たん れっか ひ れんが ひへん
胆	膽	きも たん タン にくづき ニク にく
探		てへん たん タン て さぐる さがす
淡		あわい さんずい たん タン したみず みず
短		やへん たん タン や みじかい
嘆	嘆	たん くちへん タン くち なげく なげかわしい
端		たん タン たつ たつへん は はし ばた はた はな
綻		ほころびる たん いとへん タン いと
誕		ことば たん タン ごんべん げん ゲン
鍛		かねへん きたえる たん タン かね
団	團	くにがまえ かたまり とん まるい ダン トン だん
男		たへん ナン お なん ダン だん おとこ た
段		だん るまた たん タン ダン ほこ ほこづくり
断	斷	おのづくり きん さだめる キン たつ おの ことわる ダン だん
弾	彈	ゆみ たま はじきゆみ たん タン ただす ゆみへん はじく ひき ひく ダン はずむ はじける だん
暖		あたたか あたたまる にち あたたかい あたためる にちへん ノン のん ひ ダン だん ひへん
談		ことば ごんべん げん ゲン ダン だん
壇		つちへん たん タン ダン だん つち
地		ジ ち つちへん チ じ つち
池		いけ さんずい ち チ したみず みず
知		ち やへん しる チ や しらせる
値		ち にんべん ひとがしら あたい チ ひとやね ひと ね
恥		ち はじ チ はずかしい りっしんべん はじらう はじる こころ したごころ
致		ち いたるへん いたる チ いたす
遅	遲	ち しんにゅう チ しんにょう おくれる おくらす おそい
痴	癡	おろか ち チ しれる やまいだれ
稚		いね のぎへん ジ のぎ いとけない ち おでる おさない チ じ いねへん おくて
置		よんがしら あみがしら ち あみめ チ おく おき
緻		ち いとへん チ いと こまかい
竹		チク ちく たけ たけかんむり
畜		たへん ちく チク た
逐		ちく しんにゅう しんにょう チク
蓄		そうこう チク たくわえる ちく くさ くさかんむり
築		チク きずく たけ ちく たけかんむり
秩		いね ちつ のぎへん のぎ いねへん チツ
窒		ちつ あなかんむり あな チツ
茶		そうこう さ チャ サ ちゃ くさ くさかんむり
着		チャク め よこめ きる じゃく きせる めへん ちゃく つく つける ジャク
嫡		チャク テキ ちゃく おんな てき おんなへん
中		あたる たてぼう ちゅう うち なか ジュウ ぼう じゅう チュウ
仲		にんべん ひとがしら ちゅう なか ひとやね ひと チュウ
虫	蟲	むしへん き ちゅう むし チュウ キ
沖		さんずい ちゅう したみず わく みず おき おきつ チュウ ちゅうする
宙		うかんむり チュウ ちゅう
忠		ちゅう りっしんべん こころ したごころ チュウ
抽		てへん ちゅう ひき て チュウ
注		さんずい ちゅう したみず みず つぐ そそぐ チュウ さす
昼	晝	にち にちへん ちゅう ひる ひ チュウ ひへん
柱		き ちゅう はしら チュウ きへん
衷		ころもへん チュウ ちゅう ころも
酎		とり かもす ちゅ チュウ ちゅう とりへん さけのとり チュ ひよみのとり
鋳	鑄	かねへん しゅう イ シュウ いる ちゅう かね シュ しゅ い チュウ
駐		うまへん チュウ うま ちゅう
著	著	チャク そうこう あらわす ちゃく ちょ チョ いちじるしい くさ くさかんむり
貯		ためる かい たくわえる チョ こがい かいへん ちょ
丁		てい ち いち トウ チョウ チン ちょう チ テイ イチ とう ちん ひのと
弔		ゆみ とぶらう とむらう チョウ ちょう ゆみへん
庁	廳	てい チョウ ちょう やくしょ テイ まだれ
兆		チョウ ちょう きざし にんにょう ひとあし きざす
町		ちょう チョウ たへん まち た
長		おさ ながい チョウ ちょう
挑		ちょう てへん チョウ て いどむ
帳		チョウ きんへん ちょう きんべん はばへん とばり はば
張		はる ゆみ チョウ ちょう ゆみへん ばり はり
彫		チョウ ちょう かみかざり ぼり ほる けかざり さんづくり
眺		め よこめ チョウ ちょう めへん ながめる
釣		かねへん チョウ ちょう かね つり つる
頂		ちょう チョウ いただく おおがい いただき
鳥		とり チョウ ちょう とりへん
朝		ふなづき チョウ ちょう つきへん つき あさ
貼		かい はる チョウ ちょう テン てん つく こがい かいへん
超		はしる チョウ ちょう そうにょう こす こえる
腸		チョウ ちょう わた にくづき はらわた ニク にく
跳		はねる とび チョウ あしへん ちょう とぶ あし
徴	徵	しるし ち チョウ ちょう チ ぎょうにんべん
嘲		トウ チョウ くちへん あざける ちょう くち とう
潮		さんずい チョウ ちょう したみず みず しお うしお
澄		さんずい チョウ ちょう すむ すます したみず みず
調		ことば チョウ しらべ ちょう ごんべん ととのえる しらべる げん ととのう ゲン
聴	聽	てい チョウ ちょう きく みみへん テイ ゆるす みみ
懲	懲	チョウ ちょう りっしんべん こころ こりる こらす したごころ こらしめる
直		め じき よこめ なおき なおす ちょく すぐ めへん ただちに なおる じか ジキ チョク ジカ
勅	敕	ちょく いましめる みことのり チョク ちから
捗		ほ はかどる てへん ちょく ホ て チョク
沈		しずめる さんずい チン ジン しずむ したみず じん みず ちん
珍		たま チン おうへん たから めずらしい ちん たまへん
朕		ふなづき チン つきへん つき ちん
陳		おか ひねる チン こざとへん ちん
賃		かい チン こがい ちん かいへん
鎮	鎭	かねへん しずめる チン かね おさえ ちん しずまる
追		しんにゅう しんにょう おう ツイ つい
椎		うつ スイ つい き すい ツイ つち きへん
墜		つちへん おつ ツイ つち おちる つい
通		つう とおり どおし ツ つ かよう しんにゅう とおる しんにょう ツウ とおす とおし どおり
痛		いたい つう いたむ いたましい やまいだれ ツウ いためる
塚	塚	つか つちへん チョウ ちょう づか つち
漬		づけ つかる さんずい し つける したみず みず シ
坪		つぼ へい つちへん ヘイ つち
爪		つめ そうにょう つま そう ソウ つめかんむり
鶴		かく とり とりへん つる カク
低		ひくい てい ひくまる にんべん ひとがしら ひとやね テイ ひと ひくめる
呈		てい くち テイ くちへん
廷		えんにゅう てい いんにょう えんにょう テイ
弟		で てい ゆみ だい ゆみへん ダイ テイ おとうと デ
定		てい さだめる テイ ジョウ じょう さだまる さだか うかんむり
底		てい そこ まだれ テイ
抵		てい テイ て てへん
邸		てい やしき むら テイ おおざと
亭		けいさんかんむり てい チン なべぶた テイ けさんかんむり ちん
貞		かい てい さだ テイ ジョウ こがい じょう ただしい かいへん
帝		てい きんへん みかど きんべん はばへん テイ はば
訂		てい ことば ただす ごんべん げん ゲン テイ
庭		にわ てい まだれ テイ
逓	遞	てい たがいに しんにゅう しんにょう テイ かわる
停		てい にんべん ひとがしら とまる ひとやね とめる テイ ひと
偵		てい にんべん ひとがしら ひとやね テイ ひと
堤		てい つちへん テイ つつみ つち
提		てい だい チョウ さげる てへん ちょう ダイ テイ て
程		いね てい のぎへん のぎ ほど テイ いねへん
艇		ふねへん てい テイ ふね
締		てい しまり いとへん じめ いと テイ しまる しめる しめ
諦		まこと てい ことば タイ ごんべん あきらめる たい げん ゲン テイ つまびらか
泥		で なずむ さんずい どろ デイ に ナイ でい したみず ニ みず デ ない
的		テキ しろへん まと てき しろ
笛		テキ てき ふえ たけ たけかんむり
摘		てへん テキ てき て つむ
滴		さんずい テキ しずく したみず てき みず したたる
適		テキ しんにゅう しんにょう かなう てき
敵		あだ かたき テキ ぼくづくり ぼくにょう とまた のぶん てき かなう しぶん
溺		いばり さんずい おぼれる デキ したみず ジョウ みず じょう ニョウ にょう でき
迭		しんにゅう しんにょう テツ てつ
哲		テツ くちへん てつ さとい くち あきらか
鉄	鐵	かねへん テツ くろがね かね てつ
徹		ぎょうにんべん テツ てつ
撤		テツ て てつ てへん
天		あまつ だい テン だいかんむり てん あま あめ ダイ だいかしら
典		はち ハチ テン てん でん のり デン はちがしら ふみ
店		みせ たな テン てん まだれ
点	點	ともす ぼち さす テン てん つく つける れっか とぼす ひ たてる れんが ひへん
展		かばねだれ テン てん かばね しかばね しかばねかんむり
添		さんずい そえる テン そう てん したみず みず
転	轉	ころがる ころげる ころがす うつる テン くるま てん ころぶ まろぶ くるめく くるまへん うたた
塡		はめる つちへん はまる チン テン てん ふさぐ うずめる ちん つち
田		でん たへん デン た
伝	傳	つたえる にんべん ひとがしら テン てん でん つたわる ひとやね つたう つだう づたい ひと つて デン
殿		るまた どの テン てん でん との ほこ デン ほこづくり
電		でん あめかんむり デン あめ
斗		ます とます トウ と ト とう
吐		はく くちへん と つく くち ト
妬		つもる つ ツ と おんな そねむ ふさぐ おんなへん ト ねたむ
徒		あだ ト と ぎょうにんべん いたずら
途		と みち しんにゅう しんにょう ト
都	都	みやこ ツ つ と むら おおざと ト
渡		さんずい わたす と したみず みず わたる ト
塗		ぬり つちへん と ぬる ト つち まみれる
賭		かい かけ と かける こがい ト かいへん
土		つちへん と ど ド ト つち
奴		おんな おんなへん ど ド やつ やっこ
努		ド ちから つとめる ど
度		タク たび ト と たく たい ど ド まだれ
怒		ヌ おこる いかる ぬ りっしんべん ど こころ ド したごころ
刀		トウ そり かたな りっとう とう
冬		にすい ふゆ とう トウ
灯	燈	ほ トウ ともす あかり れっか ひ とう ともしび れんが ひへん
当	當	あてる トウ あたる あて けいがしら まさにべし まさに いのこがしら とう あたり
投		なげ トウ なげる てへん て とう
豆		トウ まめへん まめ ず ズ とう
東		トウ き ひがし とう きへん
到		トウ いたる かたな りっとう とう
逃		にげる トウ しんにゅう にがす しんにょう のがれる とう のがす
倒		さかしま さかさま トウ にんべん ひとがしら だおれ ひとやね たおれる さかさ ひと とう たおす
凍		トウ こごる こおる いてる しみる にすい こごえる とう
唐		トウ くちへん くち とう から
島		トウ やま やまへん しま とう
桃		トウ き もも とう きへん
討		うつ ことば トウ ごんべん げん ゲン とう
透		トウ しんにゅう すかす しんにょう すける とうす とうる とう すく
党	黨	トウ むら にんにょう ひとあし なかま とう
悼		トウ いたむ りっしんべん こころ したごころ とう
盗	盜	ぬすみ トウ ぬすむ とう さら
陶		おか トウ こざとへん すえ とう
塔		とう つち つちへん トウ
搭		とう て トウ てへん
棟		むね トウ むな き とう きへん
湯		さんずい トウ ゆ したみず みず とう
痘		とう やまいだれ トウ
登		トウ はつがしら チョウ と ちょう どう のぼる あがる ショウ ドウ しょう ト とう
答		トウ こたえ たけ とう こたえる たけかんむり
等		ひとしい トウ ら など たけ とう たけかんむり
筒		トウ たけ つつ とう たけかんむり
統		トウ いとへん いと すべる とう
稲	稻	いね いな のぎへん のぎ トウ て いねへん とう テ
踏		トウ あしへん ふむ あし ふまえる とう
糖		とう こめ こめへん トウ
頭		あたま かしら トウ と ず ズ おおがい がしら かぶり ト とう
謄		ことば トウ ごんべん げん ゲン とう
藤		そうこう トウ どう ドウ くさ とう ふじ くさかんむり
闘	鬭	あらそう トウ かどがまえ たたかう もん モン もんがまえ とう
騰		トウ うまへん うま のぼる あがる とう
同		くちへん どう ドウ くち おなじ
洞		ほら さんずい どう ドウ したみず みず
胴		どう ドウ にくづき ニク にく
動		うごかす うごく どう ドウ ちから
堂		どう つち つちへん ドウ
童		どう ドウ たつ わらべ たつへん
道		トウ みち しんにゅう どう しんにょう ドウ とう いう
働		にんべん ひとがしら どう ドウ ひとやね ひと はたらく
銅		かねへん あかがね どう かね ドウ
導		どう ドウ スン みちびく すん
瞳		め よこめ ひとみ トウ どう めへん ドウ とう
峠		やま とうげ やまへん
匿		かくしがまえ とく かくまう トク
特		とく うし トク うしへん
得		トク とく うる ぎょうにんべん える
督		め よこめ トク とく めへん
徳	德	ぎょうにんべん とく トク
篤		トク とく あつい たけ たけかんむり
毒		なかれ ドク ははのかん どく はは
独	獨	いぬ トク とく けものへん ひとり ドク どく
読	讀	よむ ことば トウ トク とく ごんべん よみ げん ゲン ドク どく とう
栃		き とち きへん
凸		かんにょう でこ トツ とつ うけばこ
突	突	カ トツ あな あなかんむり つく か とつ
届	屆	とどける かい かばねだれ かばね とどけ しかばね カイ しかばねかんむり とどく
屯		テツ めばえ てつ とん くさのめ トン たむろ
豚		とん いのこ ぶた トン いのこへん
頓		にわかに とつ とみに ぬかずく トツ とん とんと おおがい つまずく トン
貪		かい むさぼる たん タン とん こがい トン どん ドン かいへん
鈍		かねへん にぶ にぶい かね なまくら にぶる なまる どん ドン
曇		にち にちへん くもる ひ どん ドン ひへん
丼		たん タン てん ショウ どんぶり とん せい しょう トン どん セイ
那		ナ なんぞ だ いかん むら おおざと なに ダ な
奈		ナ からなし だい だいかんむり いかん ダイ ナイ だいかしら ない な
内		えんがまえ まきがまえ だい どうがまえ うち ダイ けいがまえ ナイ ない
梨		リ き り なし きへん
謎		ことば ごんべん めい べい メイ げん ゲン なぞ ベイ
鍋		カ かねへん なべ か かね
南		ナ みなみ ジュウ ナン なん じゅう な
軟		やわらか くるま くるまへん ナン なん やわらかい
難	難	にくい むつかしい ふるとり かたい ナン なん むずかしい がたい むづかしい
二		ジ に じ ニ ふた ふたたび ふたつ
尼		かばねだれ に あま かばね しかばね ニ しかばねかんむり
弐	貳	ジ よく に じ しきがまえ ニ そえ ふたつ ヨク
匂		におう つつみがまえ におわせる におい
肉		ニク にくづき にく しし
虹		むしへん にじ むし こう コウ
日		じつ び にち ジツ にちへん か ひ ニチ ひへん
入		ジュ いりがしら ニュウ にゅう はいる いる いれ いれる いりやね じゅ いり
乳		ち ニュウ にゅう ちち オツ おつにょう おつ つりばり
尿		いばり かばねだれ ゆばり しと かばね しかばね しかばねかんむり ニョウ にょう
任		にんべん ニン ひとがしら まかす ひとやね にん ひと まかせる
妊		ニン ジン おんな みごもる じん にん はらむ おんなへん
忍		ニン しのばせる りっしんべん にん こころ しのぶ したごころ
認		したためる ことば ニン ごんべん みとめる げん ゲン にん
寧		むしろ うかんむり ネイ ねい
熱		ねつ れっか あつい ネツ ひ れんが ひへん
年		ねん かん とし いちじゅう ネン カン ほす
念		ねん りっしんべん こころ ネン したごころ
捻		ねん ひねる てへん ねじる ジョウ て ひねくる じょう ネン
粘		ねん ねばる こめへん ネン こめ
燃		もえる ねん れっか もやす ひ ネン もす れんが ひへん
悩	惱	なやみ なやましい なやむ りっしんべん なやます のう こころ したごころ ノウ
納		ナ おさまる トウ いとへん なっ ナッ いと ナン なん のう おさめる とう な ノウ
能		よく あたう にくづき のう ニク にく ノウ
脳	腦	どう ドウ にくづき のう ニク にく のうずる ノウ
農		のう しんのたつ ノウ
濃		さんずい したみず こい みず のう ノウ
把		わ てへん ワ て は ハ
波		さんずい なみ したみず みず は ハ
派		さんずい したみず みず は ハ
破		いしへん いし は ハ やぶれる やぶる われる
覇	霸	おおいかんむり ハク にし はたがしら は ハ はく
馬		ま うまへん うま ば バ
婆		バ おんな ば ばば ばあ おんなへん
罵		よんがしら あみがしら ののしる あみめ ば バ
拝	拜	はい てへん おがむ おろがむ ハイ て
杯		はい さかずき き ハイ きへん
背		はい そむける にくづき せ ハイ そむく せい ニク にく
肺		はい にくづき ハイ ニク にく
俳		はい にんべん ひとがしら ひとやね ハイ ひと
配		はい とり とりへん ハイ さけのとり くばる ひよみのとり
排		はい ハイ て てへん
敗		はい ぼくづくり ぼくにょう とまた ハイ のぶん しぶん やぶれる
廃	廢	はい ハイ すたれる すたる まだれ
輩		はい やから くるま くるまへん ハイ ともがら ばら やかい
売	賣	うれる うる さむらい ばい バイ さむらいかんむり
倍		にんべん ひとがしら ひとやね バイ ばい ひと
梅	梅	き ばい バイ うめ きへん
培		つちへん ばい バイ つち つちかう
陪		ばい バイ おか こざとへん
媒		おんな ばい バイ なこうど おんなへん
買		かい かう ばい バイ こがい かいへん
賠		かい ばい バイ こがい かいへん
白		ビャク ハク しら びゃく しろへん しろい しろ はく
伯		ハク にんべん ひとがしら ひとやね ひと はく
拍		ハク てへん ヒョウ ひょう て はく
泊		ハク さんずい とまる したみず とめる みず はく
迫		ハク しんにゅう せまる しんにょう はく
剝		ハク はがれる ほく はぐ はげる へぐ はがす むける かたな ホク りっとう へずる むく はく
舶		ハク はく ふねへん ふね
博		ハク はく ばく ジュウ バク じゅう
薄		うすまる うすれる はく そうこう すすき うすめる うすい うすらぐ うす うすら ハク くさ くさかんむり
麦	麥	ばくにょう むぎ ばく バク
漠		さんずい ばく したみず みず バク
縛		しばる いとへん ばく いと バク
爆		ばく れっか ひ バク はぜる れんが ひへん
箱		そう ソウ はこ たけ たけかんむり
箸		チャク ちゃく チョ たけ はし ちょ たけかんむり
畑		たへん はた はたけ ばたけ た
肌		はだ き にくづき ニク にく キ
八		はち ハチ よう や はつ やっつ やつ ハツ はちがしら
鉢		かねへん はち ハチ かね はつ ハツ
発	發	おこる はつがしら つかわす はつ たつ ホツ ほつ あばく ハツ はなつ
髪	髮	はつ かみがしら かみ ハツ かみかんむり
伐		うつ カ ばつ きる ぼち にんべん ひとがしら か はつ ひとやね そむく バツ ひと ボチ ハツ
抜	拔	はい ばつ てへん ぬく ぬかす ぬかる はつ ハイ て ぬける バツ ハツ ぬき
罰		よんがしら バチ ばつ あみがしら あみめ はつ ばっする バツ ハツ ばち
閥		ばつ かどがまえ もん バツ モン もんがまえ
反		ほ そる たん ハン タン そらす ホ かえす ほん かえる はん また ホン
半		ハン なかば ジュウ はん じゅう
氾		ひろがる さんずい ハン したみず みず はん
犯		ボン いぬ ハン けものへん ぼん はん おかす
帆		ほ きんへん ハン きんべん はばへん はば はん
汎		ホウ さんずい ハン ふう ただよう したみず ひろい ほん みず はん ほう ブ フウ ホン ぶ
伴		にんべん ひとがしら ハン ともなう バン ひとやね はん ひと ばん
判		ハン バン かたな はん りっとう わかる ばん
坂		つちへん ハン さか はん つち
阪		おか ハン さか こざとへん はん
板		き ハン バン いた はん ばん きへん
版		ハン かたへん はん かた
班		たま おうへん ハン はん たまへん
畔		くろ たへん ハン ほとり あぜ はん た
般		ハン ふねへん はん ふね
販		かい ハン こがい はん かいへん
斑		ぶんにょう ハン ブン ぶん まだら はん ふ ふみつくり
飯		ショク ハン しょくへん めし はん しょく
搬		ハン て はん てへん
煩		わずらわす ボン ハン うるさがる れっか うるさい わずらう ぼん ひ はん れんが ひへん
頒		わける ハン おおがい はん わかつ
範		ハン はん たけ たけかんむり
繁	繁	しげく ハン いとへん いと はん しげる
藩		そうこう ハン はん くさ くさかんむり
晩	晚	にち にちへん バン ひ ばん ひへん
番		たへん バン ばん つがい た
蛮	蠻	むしへん バン むし ばん えびす
盤		バン ばん さら
比		くらべる ひ ならびひ ヒ
皮		かわ ひ ヒ ひのかわ けがわ
妃		きさき おんな ひ ヒ おんなへん
否		いな くちへん くち ひ いや ヒ
批		ひ て ヒ てへん
彼		かれ ぎょうにんべん かの ひ ヒ
披		ひ て ヒ てへん
肥		こやす にくづき ひ にく ふとる ヒ ニク こえる こえ こやし
非		あらず ひ ヒ
卑	卑	いやしむ いやしめる いやしい ジュウ ひ ヒ じゅう
飛		とぶ ひ とばす ヒ
疲		つかれる づかれ やまいだれ つからす ひ ヒ
秘	祕	いね のぎへん のぎ ひめる ひ ヒ いねへん ひそか かくす
被		かぶる こうむる ころもへん おおう ころも ひ かぶせる ヒ
悲		かなしむ かなしい りっしんべん ひ ヒ こころ したごころ
扉		とかんむり とびら と とびらのと ひ とだれ ヒ
費		かい ついやす ひ こがい ヒ ついえる かいへん
碑	碑	いしへん いし ひ いしぶみ ヒ
罷		よんがしら あみがしら まかり あみめ やめる ひ ヒ
避		よける しんにゅう しんにょう ひ ヒ さける
尾		び かばねだれ かばね お しかばね しかばねかんむり ビ
眉		め び まゆ よこめ ミ めへん み ビ
美		び ひつじへん ミ うつくしい み ひつじ ビ
備		つぶさに び そなえる にんべん ひとがしら そなわる ひとやね ひと ビ
微		ぎょうにんべん び ビ かすか
鼻		はなへん び ビ はな
膝		シツ ひざ しつ にくづき ニク にく
肘		ひじ ちゅう にくづき ニク にく チュウ
匹		ヒツ かくしがまえ ひき ひつ
必		りっしんべん かならず こころ ヒツ したごころ ひつ
泌		さんずい したみず ひ みず ヒ ヒツ ひつ
筆		ふで たけ ヒツ ひつ たけかんむり
姫		き おんな ひめ おんなへん キ
百		ヒャク ビャク ひゃく びゃく しろへん もも しろ
氷		さんずい ヒョウ ひょう したみず こおる こおり ひ みず
表		あらわれる おもて あらわす ヒョウ ころもへん ころも ひょう
俵		にんべん ひとがしら ヒョウ たわら ひょう ひとやね ひと
票		ヒョウ しめすへん ひょう ねへん しめす
評		ことば ヒョウ ごんべん ひょう げん ゲン
漂		さんずい ヒョウ ただよう ひょう したみず みず
標		しるし き ヒョウ ひょう しるべ きへん
苗		ビョウ そうこう ミョウ なえ びょう みょう くさ くさかんむり なわ
秒		いね のぎへん ビョウ のぎ いねへん びょう
病		ビョウ へい やまい やまいだれ やむ ヘイ びょう やみ
描		かく ビョウ てへん えがく て びょう
猫		ビョウ ねこ いぬ けものへん びょう
品		くちへん くち ほん ヒン ホン しな ひん
浜	濱	はま さんずい したみず ヒン みず ひん
貧		かい ビン びん まずしい ヒン こがい かいへん ひん
賓	賓	かい したがう まろうど ヒン こがい かいへん ひん
頻	頻	しきりに おおがい ヒン ひん
敏	敏	ビン びん ぼくづくり さとい ぼくにょう とまた のぶん しぶん
瓶	甁	ビン へい びん かわら ヘイ かめ
不		いち イチ フ ブ ふ ぶ
夫		おっと だい だいかんむり ふう ダイ それ フ ブ だいかしら フウ ふ ぶ
父		ふ フ ちち
付		づけ にんべん づく ひとがしら つく つける ひとやね フ つけ つき ひと ふ づき づける
布		ほ きんへん ぬの しく きんべん はばへん ホ きれ フ はば ふ
扶		てへん て フ たすける ふ
府		ふ まだれ フ
怖		ほ こわがる りっしんべん ホ フ こころ ふ こわい したごころ おじる おそれる
阜		おか ふう こざとへん フ フウ ふ
附		おか つく つける こざとへん フ ふ
訃		ことば ごんべん げん ゲン フ ふ しらせ
負		かい まかす まける フ こがい ふ おう かいへん
赴		はしる そうにょう おもむく フ ふ
浮		さんずい うかれる うかぶ したみず フ みず ふ うく うかべる
婦		おんな フ ふ おんなへん よめ
符		ふ フ たけ たけかんむり
富		ふう フ とみ フウ ふ とむ うかんむり
普		にち にちへん あまねし あまねく ひ フ ふ ひへん
腐		くされ くさる くさらす にくづき ニク フ ふ くされる にく くさす
敷		ぼくづくり しく しき ぼくにょう とまた のぶん フ ふ しぶん
膚		はだ にくづき ニク フ ふ にく
賦		かい フ ブ こがい ふ ぶ かいへん
譜		ことば ごんべん げん ゲン フ ふ
侮	侮	にんべん ひとがしら ひとやね あなずる ブ ひと あなどる ぶ
武		む たけし とめへん とめる ブ ム たけ ぶ
部		むら べ ブ おおざと ぶ
舞		まい ます まいあし ブ まう ぶ
封		ホウ ふう スン フウ ほう すん
風		かざ かぜ ふう フ フウ ふ
伏		ふせる にんべん ひとがしら ふす ふく ひとやね フク ひと
服		ふなづき つきへん ふく フク つき
副		フク ふく りっとう かたな
幅		きんへん きんべん ふく はばへん フク はば
復		ぎょうにんべん フク ふく また
福	福	ふく しめすへん ねへん フク しめす
腹		ふく はら にくづき フク ニク にく
複		フク ころもへん ふく ころも
覆		おおいかんむり にし くつがえす ふく おおう フク くつがえる
払	拂	てへん ばらい フツ ほつ はらう はらい ふつ ヒツ て ホツ ひつ
沸		わかす さんずい したみず フツ わく みず ふつ
仏	佛	にんべん ひとがしら ブツ ひとやね ぶつ フツ ひと ふつ ほとけ
物		もつ ブツ うしへん ぶつ モツ うし もの
粉		ふん デシメートル こ フン でしめーとる こな こめへん こめ
紛		ふん いとへん まぎれ フン まぎらす いと まぎらわしい まぎらわす まぎれる
雰		あめ あめかんむり ふん フン
噴		ふん くちへん ふく フン くち
墳		ふん つち つちへん フン
憤		ふん りっしんべん フン いきどおる こころ したごころ
奮		ふん だい だいかんむり ふるう フン ダイ だいかしら
分		わける ふん わかれる わけ フン ブン ぶん かたな ブ りっとう わかる ぶ わかつ
文		ぶんにょう あや ブン もん ぶん モン ふみつくり ふみ
聞		ブン きく もん みみへん ぶん きこえる モン みみ
丙		へい いち ひのえ イチ ヘイ
平		ビョウ へい ヒョウ たいら かん たいらげる ひょう ヘイ いちじゅう びょう ひら カン ほす
兵		はち へい ハチ ヒョウ ひょう ヘイ はちがしら つわもの
併	倂	へい にんべん ひとがしら ひとやね ヘイ ひと あわせる
並	竝	へい ホウ いち なみ ならびに ならべる イチ ほう ヘイ ならぶ
柄		へい つか き がら ヘイ え きへん
陛		へい おか こざとへん ヘイ
閉		へい しめる モン かどがまえ もん しまる とじる ヘイ とざす たてる もんがまえ
塀	塀	へい つちへん べい ヘイ つち ベイ
幣		へい きんへん きんべん はばへん ぬさ はば ヘイ
弊		へい キョウ ヘイ きょう こまぬき にじゅうあし
蔽		へい ヘツ そうこう おおい おおう フツ ヘイ ふつ くさ くさかんむり へつ
餅	餠	ショク へい もち もちい ヒョウ しょくへん ひょう ヘイ しょく
米		まい メエトル べい よね マイ こめへん めえとる こめ ベイ
壁		ヘキ かべ つちへん つち へき
璧		たま ヘキ おうへん たまへん へき
癖		くせに ヘキ くせ やまいだれ へき
別		わける ベツ かたな りっとう わかれる べつ
蔑		なみする そうこう ベツ くらい ないがしろ さげすむ べつ くさ くさかんむり
片		ヘン かた へん かたへん
辺	邊	ほとり しんにゅう しんにょう あたり べ へん ヘン
返		しんにゅう しんにょう かえす かえる へん ヘン
変	變	かわり ちかんむり のまたかんむり かえる へん ふゆがしら かわる ヘン
偏		かたよる にんべん ひとがしら ひとやね ひと へん ヘン
遍		しんにゅう しんにょう あまねく へん ヘン
編		いとへん あむ いと あみ へん ヘン
弁	辨）（瓣）（辯	あらそう わきまえる わける キョウ はなびら かんむり べん きょう こまぬき にじゅうあし へん ベン ヘン
便		ビン びん にんべん ひとがしら たより ひとやね べん ひと ベン
勉	勉	ちから つとめる べん ベン
歩	步	ほ あるく とめへん ホ とめる フ ブ あゆむ ふ ぶ
保		ほ ホウ にんべん ひとがしら たもつ ホ ひとやね ほう ひと
哺		ほ ふくむ くちへん はぐくむ ホ くち
捕		ほ とる てへん とらえる ホ て つかまる つかまえる とらわれる
補		ほ ころもへん ホ ころも おぎなう
舗		ほ にんべん ひとがしら ホ ひとやね ひと
母		も ボ ぼ なかれ ははのかん はは
募		ぼ ちから つのる ボ
墓		つちへん はか ボ ぼ つち
慕		ボ りっしんべん ぼ こころ したう したごころ
暮		にち にちへん くらす ボ ぼ ひ くれる ひへん
簿		ぼ ボ たけ たけかんむり
方		ホウ ほうへん がた ほう かた かたへん
包		ホウ つつむ くるむ ほう つつみがまえ
芳		かんばしい そうこう ホウ ほう くさ くさかんむり
邦		ホウ くに むら ほう おおざと
奉		ホウ だい ほうずる だいかんむり まつる ダイ たてまつる ほう ブ だいかしら ぶ
宝	寶	たから ホウ うかんむり ほう
抱		ホウ てへん だく て ほう かかえる いだく
放		ホウ こく ぼくづくり ぼくにょう とまた のぶん はなす ほう っぱなし ほうる しぶん はなれる はなつ
法		ほっ ホウ さんずい ハッ ホッ ふらん フラン したみず みず ほう のり はっ
泡		ホウ さんずい あわ したみず みず ほう
胞		ホウ にくづき ほう ニク にく
俸		ホウ にんべん ひとがしら ひとやね ほう ひと
倣		ホウ にんべん ひとがしら ならう ひとやね ほう ひと
峰		ホウ やま やまへん ほう ね みね
砲		いしへん いし ホウ ほう
崩		くずす ホウ くずれ やま くずれる やまへん ほう
訪		ホウ ことば たずねる おとずれる ごんべん げん ゲン ほう とう
報		ホウ つちへん ほう つち むくいる
蜂		はち ホウ むしへん むし ほう
豊	豐	ホウ まめへん まめ ほう ブ とよ ゆたか ぶ
飽		ショク ホウ あきる しょくへん ほう あく あかす しょく
褒	襃	ホウ ほめる ころもへん ころも ほう
縫		ホウ いとへん ぬう いと ほう
亡		もう けいさんかんむり ボウ ほろびる モウ なき なべぶた ほろぶ けさんかんむり ぼう ない ほろぼす
乏		ボウ とぼしい はらいぼう の ぼう ともしい
忙		もう ボウ いそがしい せわしい りっしんべん こころ うれえるさま ぼう したごころ おそれる モウ
坊		ぼっ ボウ つちへん ボッ ぼう つち
妨		ボウ おんな さまたげる ぼう おんなへん
忘		ボウ りっしんべん こころ わすれる ぼう したごころ
防		おか ボウ こざとへん ぼう ふせぐ
房		ふさ とかんむり ボウ と とびらのと とだれ ぼう
肪		ボウ にくづき ニク にく ぼう
某		ボウ き なにがし それがし ぼう きへん
冒		えんがまえ ボウ まきがまえ どうがまえ けいがまえ おかす ぼう
剖		ぼう かたな ボウ りっとう
紡		つむぐ ボウ いとへん いと ぼう
望		もう ふなづき ボウ もち つきへん つき ぼう のぞむ モウ
傍		わき かたわら おか ボウ にんべん ひとがしら ひとやね ひと ぼう そば はた
帽		もう ボウ きんへん きんべん おおう はばへん はば ずきん ぼう モウ
棒		き ぼう ボウ きへん
貿		かい ボウ こがい ぼう かいへん
貌		かたどる ボウ かたち ばく むじなへん バク ぼう
暴		にち ボウ にちへん ばく あばれる ひ バク あばく ぼう ひへん
膨		ボウ ふくれる ぼう にくづき ニク にく ふくらむ
謀		む ボウ ことば はかる たばかる はかりごと ごんべん げん ゲン ム ぼう
頰		キョウ おおがい ほほ ほお きょう
北		ほく さじのひ きた さじ ひ ホク ヒ
木		もく モク き こ ボク ぼく きへん
朴		き ボク ほう ほお えのき ぼく きへん
牧		うしへん ボク うし ぼく まき
睦		め よこめ もく モク めへん ボク むつぶ ぼく むつまじい むつむ
僕		にんべん ひとがしら しもべ ひとやね ボク ひと ぼく
墨	墨	すみ つちへん ボク ぼく つち
撲		て ぼく ボク てへん
没		もつ さんずい おぼれる ボツ しずむ したみず みず モツ ぼつ ない
勃		おこる ボツ ぼつ ホツ ほつ にわかに ちから
堀		ほり つちへん くつ つち クツ
本		もと き ほん ホン きへん
奔		はしる だい だいかんむり ダイ ほん だいかしら ホン
翻	飜	ひるがえる ハン はね ほん はん ひるがえす ホン
凡		おうよそ つくえきにょう ボン すべて ハン およそ きにょう かぜがまえ つくえ ぼん はん かぜかんむり
盆		ボン ぼん さら
麻		マア ま まあ マ あさかんむり あさ
摩		さする まする ま てへん マ する て
磨		いしへん みがく ま マ する いし
魔		おに きにょう マ ま
毎	每	まい ごと ごとに マイ なかれ ははのかん はは
妹		まい おんな マイ いもうと おんなへん
枚		まい き ばい バイ マイ きへん
昧		まい にち むさぼる にちへん ばい バイ ひ マイ くらい ひへん
埋		まい つちへん うもれる うまる うずまる いける マイ うめる うずめる つち
幕		きんへん ばく きんべん はばへん とばり はば バク まく マク
膜		にくづき まく ニク にく マク
枕		チン き しん シン まくら ちん きへん
又		ゆう またの ユウ また
末		ばつ うれ き マツ すえ バツ うら まつ きへん
抹		マツ まつ て てへん
万	萬	マン いち よろず バン イチ まん ばん
満	滿	マン さんずい バン したみず みず まん ばん みつ みたす みちる
慢		まん マン りっしんべん こころ したごころ
漫		マン さんずい そぞろ したみず みだりに みず まん
未		び まだ き ミ いまだ み ひつじ ビ きへん
味		くちへん ミ あじわう くち み あじ
魅		ミ おに きにょう み
岬		やま やまへん みさき こう コウ
密		みつ うかんむり ミツ ひそか
蜜		ミツ ビツ むしへん むし びつ みつ
脈		すじ みゃく にくづき ミャク ニク にく
妙		ビョウ ミョウ おんな たえ おんなへん びょう みょう
民		たみ うじ ミン みん
眠		め ねむる よこめ めへん ねむい ミン みん
矛		む ボウ ほこへん ム ほこ ぼう
務		む ム つとまる ちから つとめる
無		む れっか ひ ブ ム ぶ れんが ない ひへん
夢		む ボウ タ ゆめ ゆうべ くらい ム ぼう ゆう ゆめみる た
霧		む あめかんむり ボウ ぼう あめ ブ きり ム ぶ
娘		むすめ こ おんな ジョウ じょう おんなへん
名		ミョウ くちへん めい メイ くち みょう な
命		ミョウ いのち くちへん めい メイ くち みょう
明		あかるむ めい メイ ひ ひへん ミョウ あかるい あくる あかす みょう あけ あける あかり ミン みん にち にちへん あからむ あく あきらか
迷		しんにゅう めい しんにょう メイ まよう
冥		ミョウ べきかんむり めい メイ わかんむり くらい みょう
盟		めい メイ さら
銘		かねへん めい かね メイ
鳴		とり なる めい メイ とりへん ならす なく
滅		さんずい メツ ほろびる したみず ほろぶ みず めつ ほろぼす
免	免	まぬかれる メン まぬがれる にんにょう ひとあし めん
面		つら おも おもて メン べん めん ベン
綿		いとへん わた メン いと めん
麺	麵	むぎこ ばくにょう むぎ メン べん めん ベン
茂		も そうこう モ しげる くさ くさかんむり
模		も モ き ボ ぼ きへん
毛		もう け モウ
妄		もう ボウ おんな ぼう みだりに おんなへん モウ
盲		もう め よこめ めへん めくら モウ
耗		もう らいすき こう コウ すきへん モウ
猛		もう けものへん モウ いぬ
網		もう いとへん いと あみ モウ
目		め よこめ ま もく モク めへん ボク ぼく
黙	默	くろ もく モク だまる もだす ボク ぼく
門		かど かどがまえ と もん モン もんがまえ
紋		モン もん いと いとへん
問		くちへん とい とん くち もん モン とう
冶		にすい や ヤ いる
夜		タ ヤ よ ゆうべ や ゆう よる た
野		ヤ さとへん や さと ショ しょ の
弥	彌	いよいよ び ゆみ ミ ゆみへん や み いや わたる ビ
厄		がんだれ ヤク やく
役		えき ぎょうにんべん エキ ヤク やく
約		つづめる いとへん つづまる いと つづまやか ヤク やく
訳	譯	ことば わけ ごんべん げん ゲン ヤク やく
薬	藥	そうこう くすり ヤク やく くさ くさかんむり
躍		あしへん おどる あし ヤク やく
闇		オン かどがまえ あん おん もん アン くらい モン やみ もんがまえ
由		よし ユイ たへん ゆ ゆい ユウ ユ ゆう よる た
油		さんずい あぶら ゆ ユウ ユ したみず みず ゆう
喩		たとえる くちへん ゆ ユ さとす くち
愉		ゆ たのしむ りっしんべん ユ こころ したごころ たのしい
諭		ことば ゆ ごんべん ユ げん さとす ゲン
輸		くるま ゆ ユ シュ くるまへん しゅ
癒		ゆ やまいだれ いやす ユ いえる
唯		ユイ イ くちへん ゆい くち ただ い
友		ゆう とも ユウ また
有		ウ ふなづき つきへん ユウ う つき ある ゆう
勇		ちから ゆう ユウ いさむ
幽		ヨウ ふかい よう かすか ユウ しろい くらい いとがしら ゆう
悠		ユウ したごころ りっしんべん こころ ゆう
郵		ゆう ユウ むら おおざと
湧		ヨウ さんずい ゆ よう ユウ ユ したみず わく みず ゆう
猶		なお いぬ ゆ ユウ ユ けものへん ゆう
裕		ゆう ころもへん ユウ ころも
遊		ゆ しんにゅう ユウ しんにょう ユ あそばす あそぶ ゆう
雄		ふるとり ユウ おん お おす ゆう
誘		いざなう ことば ごんべん ユウ げん ゲン さそう ゆう
憂		うき うれえる ユウ りっしんべん こころ うれい したごころ ゆう うい
融		むしへん とける ユウ とかす むし ゆう
優		ウ にんべん ひとがしら ユウ やさしい ひとやね う すぐれる ひと ゆう まさる
与	與	あずかる いち よ くみする イチ あたえる ともに ヨ
予	豫	はねぼう よ しゃ あらかじめ ケツ かぎ シャ けつ ヨ
余	餘	あんまり にんべん ひとがしら よ ひとやね あます ひと あまる あまり ヨ
誉	譽	ことば よ ごんべん ほまれ ほめる げん ゲン ヨ
預		あずかる あずける よ おおがい ヨ
幼		おさない よう ヨウ いとがしら
用		もちいる よう ヨウ
羊		ひつじへん よう ひつじ ヨウ
妖		ヨウ よう おんな あやしい わざわい おんなへん なまめく
洋		ヨウ さんずい よう したみず みず
要		おおいかんむり にし ヨウ いる よう かなめ
容		よう うかんむり ヨウ いれる
庸		よう まだれ ヨウ
揚		ヨウ てへん あげ よう あがる て あげる
揺	搖	ゆらぐ ゆする ヨウ ゆすぶる てへん うごく よう ゆる ゆるぐ ゆさぶる て ゆれる
葉		そうこう ヨウ よう は くさ くさかんむり
陽		おか ヨウ よう こざとへん ひ
溶		ヨウ さんずい とける とく よう したみず とかす みず
腰		ヨウ よう にくづき にく ニク こし
様	樣	ヨウ さん き よう ショウ さま しょう きへん
瘍		よう かさ やまいだれ ヨウ
踊		ヨウ あしへん よう おどる あし おどり
窯		ヨウ よう あな あなかんむり かま
養		ショク ヨウ やしなう しょくへん よう リョウ りょう しょく
擁		よう て ヨウ てへん
謡	謠	ヨウ ことば よう ごんべん うたい げん ゲン うたう
曜		にち ヨウ にちへん よう ひ ひへん
抑		よく てへん て おさえる ヨク
沃		ヨウ さんずい よく よう おく したみず みず そそぐ オク ヨク
浴		さんずい よく あびせる あびる したみず みず ヨク
欲		ほっする よく ほしい かける あくび ヨク
翌		よく はね ヨク
翼		つばさ はね よく ヨク
拉		くだく ラ ら てへん ラツ らっする ロウ て らつ ひしぐ ろう
裸		ラ ら はだか ころもへん ころも
羅		よんがしら あみがしら ラ ら あみめ うすもの
来	來	きたす き タイ らい こ たい ライ くる きたる きへん
雷		あめかんむり らい いかずち あめ ライ いかづち かみなり
頼	賴	たのもしい らい たのむ ライ おおがい たよる
絡		からまる いとへん からむ いと ラク からめる らく
落		おち そうこう おとす らく ラク くさ くさかんむり おちる
酪		らく とり とりへん さけのとり ラク ひよみのとり
辣		ラツ しん シン らつ からい
乱	亂	みだれる ロン みだる みだす ろん ラン オツ おさめる おつにょう おつ みだ らん わたる つりばり
卵		まげわりふ たまご ラン らん わりふ ふしづくり
覧	覽	ラン らん みる
濫		さんずい みだりがましい したみず ラン らん みだりに みず
藍		そうこう ラン あい らん くさ くさかんむり
欄	欄	き ラン らん てすり きへん
吏		リ くち くちへん り
利		リ きく り かたな りっとう
里		リ さとへん さと り
理		ことわり たま おうへん リ り たまへん
痢		リ やまいだれ り
裏		リ ころもへん ころも り うら
履		かばねだれ リ かばね り しかばね しかばねかんむり はく
璃		たま おうへん リ り たまへん
離		ふるとり リ り はなす はなれる
陸		おか ろく ロク りく リク こざとへん
立		たち リツ たて だてる たつ たつへん だて りっとる りつ たてる りゅう リットル リュウ
律		リツ りち レツ ぎょうにんべん リチ れつ りつ
慄		リツ おののく ふるえる りっしんべん こころ りつ したごころ おそれる
略		ほぼ りゃく たへん はかる はかりごと はぶく おさめる おかす リャク た
柳		き やなぎ りゅう リュウ きへん
流		さんずい ル したみず みず ながす る ながれる りゅう リュウ ながれ
留		りゅう るうぶる ル たへん とまる とどまる とめる る とどめる リュウ た
竜	龍	りゅう いせ ロウ たつ たつへん リョウ りょう リュウ ろう
粒		つぶ こめへん こめ りゅう リュウ
隆	隆	りゅう こざとへん おか リュウ
硫		いしへん いし りゅう リュウ
侶		にんべん ひとがしら りょ ひとやね とも ろ ひと リョ ロ
旅		ホウ たび ほうへん りょ ほう リョ かたへん
虜	虜	とらかんむり りょ とりく とらがしら ろ とりこ リョ ロ
慮		りょ りっしんべん おもんぱくる こころ リョ したごころ おもんぱかる
了		はねぼう ケツ かぎ リョウ けつ りょう
両	兩	いち てる イチ リョウ りょう ふたつ
良		こん ゴン こんづくり ねづくり コン ごん いい ごんづくり リョウ よい うしとら りょう
料		ます とます と リョウ りょう ト
涼		すずやか さんずい ひやす したみず うすい すずむ みず リョウ りょう すずしい まことに
猟	獵	かる いぬ けものへん リョウ かり りょう
陵		おか こざとへん リョウ みささぎ りょう
量		さとへん はかる さと リョウ りょう
僚		にんべん ひとがしら ひとやね リョウ ひと りょう
領		えり りょう おおがい リョウ
寮		りょう うかんむり リョウ
療		りょう やまいだれ リョウ
瞭		め よこめ めへん リョウ りょう あきらか
糧		かて ロウ こめへん こめ りょう リョウ ろう
力		りょく りい リキ リョク リイ りき ちから
緑	綠	りょく ろく ロク いとへん リョク いと みどり
林		き りん リン はやし きへん
厘		がんだれ りん リン
倫		にんべん ひとがしら りん リン ひとやね ひと
輪		わ りん くるま リン くるまへん
隣		おか となる りん リン こざとへん となり
臨		りん リン しん シン のぞむ
瑠		たま おうへん ル る りゅう リュウ たまへん
涙	淚	なみだ さんずい ルイ したみず るい みず れい レイ
累		いとへん いと るい ルイ
塁	壘	つちへん スイ らい すい ルイ るい ライ とりで つち
類	類	たぐい おおがい るい ルイ
令		にんべん ひとがしら ひとやね ひと れい レイ
礼	禮	らい しめすへん ねへん しめす ライ れい レイ
冷		ひややか ひやす ひや さめる さます にすい ひやかす れい ひえる つめたい レイ
励	勵	はげます はげむ ちから れい レイ
戻	戾	とかんむり と とびらのと とだれ もどす れい もどる レイ
例		にんべん ひとがしら たとえる ひとやね ひと れい レイ
鈴		かねへん りん リン かね すず れい レイ
零		あめかんむり ぜろ あめ こぼれる こぼす れい レイ
霊	靈	あめかんむり たま あめ リョウ りょう れい レイ
隷		したがう れいづくり しもべ れい レイ
齢	齡	とし は はへん れい よわい レイ
麗		レイ うるわしい れい しか うららか
暦	曆	こよみ にち りゃく れき にちへん レキ ひ リャク ひへん
歴	歷	れき とめへん とめる レキ レッキ れっき
列		レツ かたな れつ りっとう レ れ
劣		ちから れつ レツ おとる
烈		はげしい レツ れっか ひ れつ れんが ひへん
裂		レツ ころもへん ころも れつ ぎれ さける さく
恋	戀	レン りっしんべん こいしい れん こい こころ こう したごころ
連		つらねる づれ しんにゅう レン しんにょう れん つれる つらなる
廉		れん まだれ レン
練	練	いとへん レン ねる いと れん ねり
錬	鍊	かねへん レン かね ねる れん
呂		くちへん りょ くち ろ リョ せぼね ロ
炉	爐	いろり れっか ひ ろ ロ れんが ひへん
賂		かい まいなう まいない ろ こがい ロ かいへん
路		ル あしへん みち じ ろ あし る ロ
露		あめかんむり あめ ロウ ろ ロ つゆ ろう
老		おいかんむり おいがしら ロウ ふける ろう おいる
労	勞	ねぎらう ろうする つかれる いたずき ロウ いたわる ちから ねぎら ろう
弄		もてあそぶ ろうする ル キョウ たわむれる いじくる ロウ きょう ひねくる る こまぬき にじゅうあし いじる ろう
郎	郞	むら ロウ おおざと りょう リョウ おとこ ろう
朗	朗	ふなづき つきへん ロウ つき あきらか ろう ほがらか
浪		さんずい ロウ したみず みず ろう
廊	廊	ロウ まだれ ろう
楼	樓	き ロウ たかどの ろう きへん
漏		もれる さんずい もる もらす したみず ロウ みず ろう
籠		こむ こめる ル ロウ かご こもる たけ る ろう たけかんむり
六		む はち ハチ ろく ロク むつ りく むい リク むっつ はちがしら
録	錄	かねへん とる ろく ロク しるす かね
麓		ロク ふもと しか ろく
論		ことば あげつらう ロン ごんべん げん ろん ゲン
和		カ わ やわらぐ あえる くちへん か なごむ オ くち ワ お やわらげる なごやか
話		わ ことば はなし ごんべん げん ワ ゲン はなす
賄		かい ワイ まかなう わい こがい かいへん
脇		わき わけ キョウ にくづき きょう ニク にく
惑		ワク りっしんべん まどう わく こころ したごころ
枠		き わく きへん
湾	灣	さんずい わん いりえ ワン したみず みず
腕		わん ワン にくづき ニク うで にく
唖		おし くちへん アク ア くち あく あ
娃		アイ わ おんな ア ワ うつくしい あい おんなへん あ
阿		おか ア オ おもねる くま こざとへん お あ
姶		アイ オウ おんな あい おう おんなへん
逢		ホウ あう しんにゅう しんにょう ほう むかえる
葵		そうこう あおい くさかんむり き くさ キ
茜		そうこう あかね セン せん くさ くさかんむり
穐		いね のぎへん しゅう のぎ シュウ とき いねへん あき
渥		さんずい アク したみず あつい みず あく うるおう
旭		にち きょく にちへん あさひ ひ キョク ひへん
葦		しおれる そうこう よし イ しぼむ い あし しなびる くさ くさかんむり なえる
芦		そうこう よし ろ あし ロ くさ くさかんむり
鯵		うお そう さかな ソウ あじ うおへん
梓		き し シ あずさ きへん
斡		めぐらす ます とます わつ と かん ワツ めぐる アツ ト あつ カン
姐		ねえさん ソ おんな しゃ シャ そ おんなへん あね
虻		むしへん ボウ あぶ むし ぼう
飴		ショク イ やしなう しょくへん し あめ い シ しょく
絢		けん いと ケン いとへん
綾		りん いとへん リン あや いと
鮎		ねん デン うお さかな でん なまず あゆ ネン うおへん
或		イキ たすき こく コク あるいは ワク かのほこ わく ほこがまえ あるい ほこ ほこづくり ある いき
粟		ショク あわ ゾク ぞく ソク こめへん そく こめ もみ しょく
袷		キョウ あわせ ころもへん ころも きょう こう コウ
庵		あん アン いお まだれ いおり
按		てへん しらべる あん アン て おさえる
鞍		つくりがわ あん くら アン かわへん
杏		き キョウ あん アン あんず きょう こう コウ きへん
伊		にんべん イ ひとがしら かれ ひとやね い ひと
夷		ころす だい えみし イ だいかんむり ダイ たいらげる い だいかしら えびす
惟		おもうに ユイ イ おもんみる ゆい りっしんべん い こころ したごころ これ
謂		ことば いわゆる イ ごんべん げん いい ゲン い おもう いう
亥		かい けいさんかんむり ガイ なべぶた カイ い けさんかんむり がい
郁		いく イク むら おおざと
磯		いしへん き いそ いし キ
溢		イツ あふれる さんずい いつ したみず みず こぼれる みちる
鰯		うお いわし さかな うおへん
允		イン にんにょう じょう ひとあし いん まことに ゆるす
胤		イン たね にくづき ニク にく いん
蔭		そうこう オン イン かげ おん いん くさ くさかんむり
吋		トウ くちへん いんち どう ドウ くち スン インチ すん とう
烏		ウ なんぞ オ れっか う いずくんぞ お ひ からす れんが ひへん
迂		う ウ しんにゅう しんにょう
卯		もう ボウ まげわりふ う わりふ ぼう ふしづくり モウ
鵜		てい とり だい とりへん ダイ う テイ
窺		き あなかんむり あな のぞく うかがう キ
丑		いち ちゅう イチ うし チュウ
碓		いしへん かく かくたる たしか タイ たい いし カク
嘘		くちへん こ ふく コ くち きょ キョ うそ
欝		うつ ウツ ウン き うん うっする ふさぐ しげる きへん
蔚		うつ そうこう ウツ イ うち おとこよもぎ い くさ くさかんむり
鰻		マン うお さかな バン うなぎ まん ばん うおへん
姥		も モ うば おんな ボ ぼ おんなへん
厩		がんだれ キュウ うまや きゅう
瓜		カ ケ か うり け
閏		うるう かどがまえ じゅん もん ジュン モン もんがまえ
噂		そん くちへん ソン くち うわさ
云		ウン うん に ここに ニ いう
荏		そうこう ジン ニン にん じん くさ くさかんむり
叡		あきらか エイ えい また
嬰		ふれる おんな あかご エイ えい みどりご おんなへん
曳		ひらび ひく エイ えい いわく
洩		もれる さんずい セツ もらす したみず みず えい エイ せつ のびる
瑛		たま おうへん エイ えい たまへん
盈		エイ えい みたす みちる さら
穎		いね のぎへん のぎ エイ えい いねへん ほさき
頴		のぎ しめすへん ねへん エイ えい ほさき しめす
榎		カ き か えのき きへん
厭		がんだれ ヨウ オン エン あきる いとう よう ユウ あん おん アン おさえる いや えん おう オウ ゆう
堰		せき つちへん えん せく エン つち
奄		エン だい だいかんむり おおう ダイ たちまち だいかしら えん
掩		エン てへん おおう て えん
焔		エン ほのお れっか ひ えん れんが ひへん
燕		つばくろ エン つばめ つばくら れっか ひ えん れんが ひへん
苑		うつ そうこう オン エン おん その えん くさ くさかんむり
薗		そうこう オン エン おん その えん くさ くさかんむり
鴛		おし とり オン エン とりへん おしどり おん えん
於		ホウ ほうへん よ ああ おける オ おいて お ほう より ヨ かたへん
甥		おい そう ソウ ショウ いきる むこ せい しょう セイ うまれる
襖		ふすま ころもへん ころも あお おう オウ
鴬		とり とりへん うぐいす おう オウ
鴎		とり とりへん かもめ おう オウ
荻		そうこう テキ おぎ てき くさ くさかんむり
桶		ヨウ おけ トウ き よう とう きへん
牡		ボウ ボ うしへん おん ぼ お うし ぼう おす
伽		カ キャ ぎゃ にんべん ひとがしら ガ か が ひとやね ひと とぎ きゃ ギャ
嘉		カ くちへん か くち よみする よい
珂		カ たま おうへん か たまへん
禾		カ のぎへん いね のぎ か いねへん
茄		カ そうこう か くさ くさかんむり
蝦		カ ゲ むしへん か えび げ むし
嘩		カ くちへん か くち かまびすしい ケ け
迦		カ しんにゅう か しんにょう ケ け
霞		カ ゲ あめかんむり か あめ げ かすみ かすむ
俄		にんべん ひとがしら ガ が ひとやね にわか ひと
峨		やま けわしい ガ が やまへん
臥		ふせる ガ ふす が しん シン
蛾		むしへん ひむし ガ が むし ぎ ギ
駕		カ のる うまへん ガ うま が か しのぐ かご がする
廻		まわる めぐらす えんにゅう かい いんにょう まわす えんにょう めぐる カイ え もとおる エ
恢		かい りっしんべん ひろい カイ こころ ケ したごころ け
魁		かい おに かしら きにょう さきがけ カイ
晦		かい にち みそか にちへん ひ カイ くらい くらむ つごもり ひへん
芥		かい そうこう からし け くさ カイ ケ あくた ごみ くさかんむり
蟹		かい むしへん むし カイ かに
凱		かい つくえきにょう やわらぐ ガイ かちどき きにょう かぜがまえ つくえ カイ がい かぜかんむり
咳		しわぶき せき かい しわぶく くちへん ガイ せく くち カイ がい
碍		ゲ いしへん ガイ さまたげる げ いし がい
鎧		かねへん かい よろい ガイ よろう かね カイ がい
浬		さんずい リ かいり り したみず みず のっと
馨		カ けい ケイ キョウ か かおる きょう かおり
蛙		わ むしへん かわず ア ワ むし かえる あ
蛎		むしへん レイ むし れい かき
鈎		かねへん かね ク かぎ こう コウ く
劃		かく くぎる かたな りっとう カク わかつ
廓		かく くるわ とりで まだれ カク
撹		かく てへん みだす て こう コウ カク
赫		かく あか かがやく あかへん あかい カク
笠		かさ たけ りゅう リュウ たけかんむり
樫		き かし きへん
橿		もちのき かし き キョウ きょう きへん
梶		び こずえ き かじ ビ きへん
鰍		しゅう シュウ うお さかな いなだ シュ どじょう しゅ かじか うおへん
恰		あたかも コウ カッ ちょう チョウ キョウ りっしんべん こころ かっ きょう こう したごころ
鰹		かつお うお さかな けん うおへん ケン
叶		くちへん キョウ かなえる くち かなう きょう
椛		き もみじ かば きへん
樺		カ かば き かんば か きへん
鞄		ビョウ ハク ホウ かばん はく つくりがわ ほう びょう かわへん
兜		トウ と にんにょう ひとあし ト とう かぶと
竃		かまど そう あなかんむり ソウ あな へっつい かま
蒲		ほ そうこう がま かば ボ ホ ぼ フ ブ かま ふ ぶ くさ くさかんむり
噛		コウ くちへん かじる かむ くち ごう こう ゴウ
鴨		とり あひる とりへん かも おう オウ
栢		ヒャク ハク ひゃく き かしわ はく きへん
茅		ミョウ そうこう ボウ かや ぼう ちがや みょう くさ くさかんむり
萱		そうこう かや けん かんぞう くさ くさかんむり ケン
粥		かい いく しゅく イク ジュク ひさぐ かゆ シュク こめへん こめ じゅく
苅		かい そうこう かる ガイ カイ がい くさ くさかんむり
侃		にんべん ひとがしら かん ひとやね ひと つよい カン
姦		かんする みだら おんな かん かしましい けん おんなへん カン ケン
柑		こん き コン かん カン きへん
桓		き かん カン きへん
澗		たにみず さんずい かん けん したみず たに みず カン ケン
潅		さんずい かん したみず みず そそぐ カン
竿		さお かん たけ カン たけかんむり
翰		ふで やまどり はね かん ふみ カン
莞		そうこう かん い くさ くさかんむり カン
諌		ことば いさめ ごんべん かん げん いさめる ゲン カン
舘		たて かん した したへん カン やかた
巌		やま けわしい ガン いわお やまへん がん いわ
癌		がん ガン やまいだれ
翫		もてあそぶ がん ガン はね
贋		かい ガン がん こがい にせ かいへん
雁		ふるとり ガン がん かり かりがね
嬉		うれしい き たのしむ おんな おんなへん キ
毅		るまた き ギ ほこ ほこづくり つよい ぎ キ
稀		いね のぎへん まばら のぎ き まれ いねへん ケ け キ
徽		き しるし ぎょうにんべん キ
妓		き わざおぎ おんな うたいめ ギ おんなへん ぎ キ
祇		き し ギ ねへん しめすへん ただ まさに シ くにつかみ しめす ぎ キ
蟻		むしへん むし あり ぎ ギ
誼		ことば ごんべん げん ゲン よい ぎ ギ よしみ
掬		たなごころ こく てへん コク すくう きくす キク きく むすぶ て
鞠		きゅう キク つくりがわ まり きく かわへん キュウ
吃		くちへん どもる くち キツ きつ
桔		き ケツ けつ キツ きつ きへん
橘		き たちばな キツ きつ きへん
砧		いしへん チン きぬた いし ちん
杵		きね き ソ ショ しょ そ きへん
黍		しょ きび ショ
仇		きゅう あだ かたき にんべん ひとがしら グ あた ぐ ひとやね ひと つれあい キュウ
汲		きゅう さんずい したみず みず くむ キュウ
灸		きゅう れっか ク ひ ひへん やいと れんが く キュウ
笈		きゅう たけかんむり キュウ たけ
渠		なんぞ さんずい みぞ かれ したみず いずくんぞ みず なに きょ キョ
鋸		のこぎり かねへん こ のこ かね コ きょ キョ
禦		ぎょ ふせぐ ギョ しめすへん ねへん ご しめす ゴ
亨		けいさんかんむり ホウ キョウ とおる なべぶた ほう けさんかんむり きょう こう コウ
侠		にんべん ひとがしら キョウ ひとやね ひと きょう きゃん おとこだて
僑		にんべん ひとがしら キョウ ひとやね ひと きょう
兇		キョウ わるい きょう にんにょう ひとあし おそれる
匡		はこがまえ ただす キョウ すくう きょう おう オウ
卿		きみ まげわりふ けい ケイ キョウ わりふ きょう ふしづくり
喬		くちへん キョウ たかい くち きょう
彊		ゆみ つよい キョウ ゆみへん ごう きょう ゴウ
怯		コウ キョウ ひるむ りっしんべん おびえる きょう こころ こう したごころ おじる おそれる
蕎		そうこう キョウ きょう そば くさ くさかんむり
饗		ショク キョウ しょくへん うける きょう もてなす しょく
尭		つちへん ギョウ たかい ぎょう つち
桐		トウ き どう ドウ きり とう きへん
粁		キロメートル こめ きろめーとる こめへん
欣		よろこぶ こん ゴン きん キン コン かける ごん あくび よろこび
欽		つつしむ こん きん キン コン かける あくび
禽		とり きん キン とりこ ぐうのあし
芹		そうこう くさかんむり きん キン くさ せり
衿		こん きん えり キン コン ころもへん ころも
倶		にんべん ひとがしら グ ぐ ひとやね ク ひと ともに く
狗		いぬ ク けものへん こう コウ く
玖		きゅう たま おうへん たまへん ク く キュウ
矩		やへん かね や ク かねざし さしがね く
躯		むくろ からだ みへん ク み く
駈		かる うまへん うま かける ク く
喰		くちへん くう くち くらう
寓		かりずまい グ どう かこつける ドウ ぐ ぐうする よせる グウ ぐう うかんむり よる
櫛		シツ き くし しつ くしけずる きへん
釧		かねへん うでわ かね セン くしろ せん
屑		かばねだれ かばね いさぎよい くず しかばね しかばねかんむり せつ セツ
沓		さんずい トウ したみず くつ みず とう
轡		くるま くるまへん ひ くつわ ヒ たづな
窪		くぼむ わ あなかんむり ア あな くぼ ワ くぼまる くぼみ あ
隈		ワイ おか くま こざとへん わい え エ すみ
粂		くめ こめ こめへん
栗		リツ リ き おののく り りつ くり きへん
鍬		かねへん しゅう シュウ かね ショウ くわ しょう すき
卦		カ かい ぼく うらない け か ぼくのと カイ ボク ケ うらかた
袈		カ ころもへん か ころも ケ け
祁		き しめすへん ねへん ケ しめす け キ
圭		つちへん けい ケイ ケ け つち
珪		たま けい ケイ おうへん たまへん
慧		けい ケイ りっしんべん さとい え こころ エ したごころ
桂		けい ケイ き かつら きへん
畦		けい ケイ たへん あぜ うね た
繋		けい ケイ いとへん つなぐ かける いと かかる
罫		よんがしら かい あみがしら けい ケイ あみめ カイ ケ け
荊		そうこう けい ケイ いばら くさ くさかんむり
頚		ケイ おおがい くび けい
戟		げき たすき かのほこ ほこがまえ ゲキ ほこ ほこづくり
訣		ことば ごんべん わかれ げん ゲン ケツ けつ わかれる
倦		つかれる あきる にんべん あぐねる ひとがしら うむ ひとやね けん ひと あぐむ ケン
喧		くちへん やかましい くち けん かまびすしい ケン
捲		まくる てへん まくれる けん て まく ケン めくる
牽		うしへん ひく けん うし ケン
硯		いしへん すずり げん けん いし ゲン ケン
鹸		かん セン けん ろ あく せん ロ カン ケン しお
絃		げん いとへん ゲン いと
諺		ことば ごんべん げん ゲン ことわざ
乎		かな よ こ ああ か オ や コ を お はらいぼう の
姑		こ おんな おば コ しゅうとめ しばらく おんなへん しゅうと
狐		いぬ こ コ けものへん きつね
糊		こつ こ コ ご こめへん のり コツ こめ ゴ
袴		はかま こ ころもへん ずぼん ころも コ ク く
胡		ウ なんぞ こ コ う にくづき ご ニク にく ゴ
菰		そうこう こ コ まこも こも くさ くさかんむり
跨		カ またぐ あしへん こ か コ あし またがる
鈷		かねへん こ かね コ
伍		いつつ にんべん ひとがしら ひとやね ご ひと ゴ
吾		くちへん わが くち ご われ ゴ あ
梧		き あおぎり ご ゴ きへん
檎		きん ゴン き キン ごん ご ゴ きへん
瑚		たま おうへん こ ゴ コ ご たまへん
醐		とり こ とりへん コ ご さけのとり ゴ ひよみのとり
鯉		リ うお さかな り こい うおへん
佼		にんべん ひとがしら キョウ こうす ひとやね うつくしい ひと きょう こう コウ
倖		さいわい にんべん ひとがしら ひとやね ひと しあわせ こう コウ
垢		あか つちへん はじ ク こう コウ つち く
宏		コウ ひろい こう うかんむり
巷		おのれ イ き すでに こ し コ ちまた み い シ こう コウ キ
庚		コウ こう まだれ かのえ
弘		ゆみ グ ゆみへん ぐ ひろい こう コウ
昂		コウ たかぶる にち にちへん たかい あがる ひ ごう こう ゴウ ひへん
晃		にち にちへん こう ひ あきらか コウ ひへん
杭		き くい こう コウ きへん
浩		さんずい おおきい したみず ひろい みず こう コウ
糠		ぬか こめへん こめ こう コウ
紘		おおづな いとへん つなぐ いと こう コウ つな
肱		ひじ かいな まるい にくづき ニク にく こう コウ
腔		にくづき ニク にく こう コウ
膏		あぶら にくづき ニク にく こう コウ
砿		いしへん いし あらがね こう コウ
閤		もんがまえ かどがまえ くぐりど もん モン こう コウ
鴻		コウ とり おおとり とりへん おおがり ごう こう ゴウ ひしくい
劫		おびやかす キョウ こう ゴウ ごう きょう ちから コウ
壕		ほり つちへん ゴウ ごう こう コウ つち
濠		コウ さんずい ほり したみず みず ごう こう ゴウ
轟		とどろく コウ とどろかす くるま くるまへん ごう こう ゴウ
麹		こうじ ばくにょう むぎ キク きく
鵠		とり こく くぐい コク まと とりへん こう コウ
漉		さんずい ろく ロク したみず こす みず こし すく
甑		かわら そう ソウ ショウ こしき しょう
忽		こつ りっしんべん たちまち ゆるがせ こころ コツ したごころ
惚		こつ ほける ほれる りっしんべん ぼける こころ コツ したごころ
狛		はく こま いぬ けものへん ハク
此		この とめへん し とめる ここ シ これ
坤		こん つちへん コン ひつじさる つち
昏		にち こん にちへん コン くれ ひ くらい ひへん
梱		しきみ こん き こうる コン こうり こり きへん
艮		こん ゴン こんづくり ねづくり コン ごん ごんづくり うしとら
些		いささか ちっと さ に しゃ サ ニ ちと シャ
叉		さ しゃ サイ サ シャ また さい
嵯		さ やま し やまへん サ シ
瑳		たま みがく さ おうへん サ たまへん
裟		さ ころもへん ころも しゃ サ シャ
坐		つちへん さ すわる そぞろに ざ サ ザ おわす つち まします
哉		かな くちへん や サイ くち さい
犀		さい うしへん サイ うし せい セイ
砦		いしへん サイ いし とりで さい
冴		こ コ ひえる こおる さえる ご にすい ゴ
堺		かい つちへん さかい カイ つち
榊		き さかき きへん
肴		さかな にくづき ニク にく こう コウ
碕		いしへん さき き いし さい みさき キ
鷺		とり とりへん ろ ロ さぎ
咋		くう くらう さ くちへん かむ くち サ サク さく
朔		ふなづき つきへん つき ついたち サク さく
窄		あなかんむり あな せまい すぼめる つぼめる サク さく
鮭		かい けい うお ケイ しゃけ ふぐ さかな さけ カイ うおへん
笹		たけかんむり ささ たけ
匙		さじのひ さじ し ひ ヒ シ
薩		そうこう くさかんむり さつ サツ サチ くさ さち
皐		さつき しろへん しろ こう コウ
鯖		さば うお セイ さかな ショウ せい しょう うおへん
捌		はち ハチ はけ てへん さばける ベツ はつ て ハツ べつ さばく
錆		かねへん さび かね くわしい ショウ せい しょう セイ
鮫		うお さかな さめ みずち こう コウ うおへん
晒		にち にちへん し サイ ひ さらし さい さらす シ ひへん
撒		てへん さん さつ サツ サン て まく
燦		さんたる さん きらめく れっか サン ひ あきらか れんが ひへん
珊		たま せんち さん おうへん サン さんち センチ たまへん
纂		あつめる さん いとへん いと サン
讃		たたえる ことば さん ごんべん ほめる げん ゲン サン
餐		ショク のむ そん くらう さん しょくへん ソン サン しょく
仔		にんべん ひとがしら こ し ひとやね ひと シ たえる
屍		かばねだれ し かばね しかばね しかばねかんむり シ
孜		こ こへん し こどもへん こども シ つとめる
斯		かく この おのづくり きん キン ここに か し おの シ こう これ
獅		しし いぬ し けものへん シ
爾		のみ ジ しかり おれ なんじ に じ その ニ こう コウ しか
痔		ジ ヂ やまいだれ じ ぢ しもがさ
而		しかも しかして ジ しかるに なんじ に じ しこうして ニ しかれども すなわち
蒔		そうこう うえる ジ し じ まく シ くさ くさかんむり
汐		せき さんずい セキ したみず みず せい しお うしお
鴫		とり しぎ とりへん
竺		トク じく とく チク たけ ちく ジク たけかんむり
宍		しし じく うかんむり ニク にく ジク
雫		あめかんむり だ しずく あめ ダ
叱		シツ シチ しかる カ くちへん しつ か くち しち
悉		つぶさに シツ シチ ことごとく しつ りっしんべん ことごと つくす しち こころ したごころ つきる
蔀		そうこう ホウ だ ダ くさ ブ ほう ダン ぶ だん しとみ くさかんむり
篠		ゾウ しの ショウ ささ ぞう すず たけ しょう たけかんむり
偲		にんべん ひとがしら し シ サイ ひとやね ひと さい しのぶ
柴		しば き し サイ さい シ きへん
屡		かばねだれ ル かばね しかばねかんむり しかばね る しばしば
蕊		そうこう ずい ズイ くさ くさかんむり しべ
縞		いとへん しろぎぬ いと しま こう コウ
紗		さ いとへん しゃ いと サ うすぎぬ シャ
勺		つつみがまえ シャク しゃく
杓		ひしゃく ちょう テキ ヒョウ き チョウ シャク ひょう てき しゃく きへん
灼		シャク れっか あらた ひ しゃく やく れんが ひへん
錫		せき かねへん たまう シャク かね セキ しゃく すず
惹		ジャ じゃく りっしんべん ひく こころ ジャク じゃ したごころ
綬		ジュ いとへん いと じゅ ひも
洲		ス しゅう さんずい シュウ したみず みず しま す
繍		しゅう シュウ いとへん いと ぬいとり
蒐		そうこう しゅう あつめる シュウ あかね あつまる くさ くさかんむり
讐		しゅう あだ ことば シュウ あたる ごんべん げん ゲン むくいる
輯		しゅう あつめる シュウ くるま くるまへん やわらぐ
酋		ジュ ふるざけ とり しゅう シュウ さけのつかさ おさ とりへん さけのとり じゅ ひよみのとり
什		しゅう にんべん シュウ ひとがしら ジュウ ひとやね ひと じゅう
戎		じゅう たすき かのほこ ジュウ ほこがまえ ほこ ほこづくり つわもの えびす
夙		はやい タ しゅく ゆうべ シュク つとに ゆう た
峻		しゅん やま けわしい たかい やまへん シュン
竣		しゅん どう ドウ たつ わらべ たつへん わらわ シュン おわる
舜		まいあし ます シュン しゅん
駿		しゅん うまへん うま スン すぐれる シュン すん
楯		たて き じゅん ジュン きへん
淳		さんずい しゅん じゅん したみず あつい みず ジュン シュン
醇		とり しゅん とりへん じゅん あつい こい ジュン もっぱら シュン さけのとり ひよみのとり
曙		にち にちへん あけぼの ひ ショ しょ ひへん
渚		さんずい なぎさ したみず みず ショ しょ
渚		さんずい なぎさ したみず みず ショ しょ
薯		そうこう いも ショ しょ くさ くさかんむり
藷		そうこう ジョ いも ショ じょ しょ くさ くさかんむり
恕		ジョ したごころ りっしんべん ゆるす ショ こころ じょ しょ
鋤		かねへん ジョ ソ かね くわ すき ショ じょ そ しょ すく
哨		くちへん ショウ みはり くち しょう
嘗		くちへん なめる ショウ くち ジョウ じょう しょう かつて こころみる
妾		めかけ そばめ おんな ショウ おんなへん しょう わらわ
娼		あそびめ おんな ショウ しょう おんなへん
庄		ホウ ソ そう ソウ ショウ ほう しょう そ まだれ
廠		しょう まだれ ショウ
捷		はやい てへん そう ソウ ショウ て しょう
昌		にち にちへん ショウ ひ ひへん しょう さかん
梢		こずえ き ショウ くすのき しょう きへん
樟		き くす ショウ しょう きへん
樵		き きこる ショウ こる しょう きこり きへん
湘		さんずい ショウ したみず みず しょう
菖		そうこう ショウ しょう くさ くさかんむり
蒋		そうこう はげます そう ソウ ショウ まこも しょう くさ くさかんむり
蕉		そうこう ショウ しょう くさ くさかんむり
裳		も ころもへん もすそ ころも ショウ しょう
醤		とり ひしお とりへん ショウ しょう さけのとり ひよみのとり
鉦		かねへん かね ショウ せい しょう セイ
鍾		さかずき かねへん あつめる かね ショウ シュ しゅ しょう
鞘		さや そう ソウ つくりがわ ショウ しょう かわへん
丞		いち すくう ショウ イチ ジョウ たすける じょう しょう
擾		みだれる てへん みだす わずらわしい て ジョウ じょう
杖		き つえ ジョウ じょう きへん
穣		いね のぎへん のぎ わら ジョウ じょう いねへん ゆたか
埴		ショク つちへん へな はに つち しょく
燭		ショク れっか ソク しょく ひ そく ともしび れんが ひへん
蝕		ショク むしばむ むしへん むし しょく
晋		にち にちへん すすむ ひ しん シン ひへん
榛		き ハン はり はん しん シン はしばみ きへん
疹		チン やまいだれ はしか しん シン ちん
秦		いね のぎへん のぎ しん シン いねへん はた
塵		チン つちへん ジン ちり ちん じん ごみ つち
壬		イ ジン ニン さむらい じん い にん みずのえ さむらいかんむり
訊		ことば しゅん たずねる ジン ごんべん きく げん ゲン じん しん シン シュン とう
靭		さ ジン ニン さつ つくりがわ うつぼ サイ サツ サ じん にん しなやか さい ゆぎ かわへん
笥		す ス はこ し たけ シ け たけかんむり
諏		ス ことば はかる ごんべん そう シュ げん ゲン しゅ す
厨		がんだれ しゅう シュウ ちゅ チュウ ちゅう ず くりや ズ チュ
逗		トウ しんにゅう ず しんにょう とどまる ズ とう
翠		スイ かわせみ すい はね みどり
錐		かねへん スイ すい かね きり
錘		かねへん スイ すい かね おもり つむ
瑞		しるし たま ずい スイ おうへん すい みず ズイ たまへん
嵩		しゅう スウ シュウ やま たかい やまへん かさ すう かさむ
趨		はしる スウ そうにょう おもむく しゅ そく ソク すう
雛		ひな ス ジュ スウ ふるとり すう す ひよこ じゅ
椙		き すぎ きへん
菅		そうこう ケン すげ かん けん くさ くさかんむり カン
頗		かたよる すこぶる おおがい は ハ
雀		ふるとり じゃく じゃん シャク ジャン すずめ しゃく ジャク サク さく
摺		しゅう シュウ てへん ショウ ロウ する て ひだ しょう ろう
棲		き すむ せい セイ きへん
栖		き すむ せい セイ きへん
脆		ゼイ ぜい にくづき にく せい ニク せつ セツ セイ よわい もろい
蹟		せき あと あしへん シャク セキ しゃく あし
碩		いしへん せき セキ おおきい いし
蝉		ぜん むしへん ゼン セン せみ むし せん
尖		ちいさい さき するどい セン ショウ しょうがしら なおがしら しょう とがる せん
撰		せんする てへん さん セン サン て えらむ せん えらぶ
栴		き セン せい せん もみじ セイ きへん
煽		おこる あおる おだてる セン れっか ひ せん れんが ひへん
穿		あなかんむり あな セン うがつ せん はく
箭		セン や たけ せん たけかんむり
舛		まい ます セン まいあし ブ そむく せん ぶ
賎		いやしむ ぜん かい いやしめる ゼン いやしい セン こがい やすい しず せん かいへん
銑		せん かねへん かね セン
閃		かどがまえ ひらめく モン セン もん うかがう ひらめき せん もんがまえ
糎		せんち こめへん せんちめーとる センチメートル こめ センチ
噌		くちへん ソ そう ソウ ショウ くち かまびすしい しょう そ
岨		やま ソ やまへん ショ しょ いしやま そ そば
楚		き ソ しもと すわえ ショ しょ いばら そ きへん
疏		まばら うとむ あらい ソ ヒキ うとい とおる ひき ひきへん ショ とおす しょ そ
蘇		ス そうこう ソ よみがえる す そ くさ くさかんむり
鼠		ねずみ ソ ショ ねずみへん ねず そ しょ
叢		むらがる ス くさむら そう ソウ むら また す
宋		そう うかんむり ソウ
匝		はこがまえ キョウ そう ソウ めぐる きょう
惣		すべて そう ソウ りっしんべん こころ したごころ
掻		かく てへん そう ソウ て
槍		き そう ソウ ショウ やり しょう きへん
漕		こぐ さんずい そう はこぶ ソウ したみず みず
糟		そう ソウ ぬか こめへん こめ こう コウ
綜		いとへん そう ソウ いと おさめる すべる
聡		そう ソウ さとい みみへん みみ みみざとい
蒼		そうこう あおい そう ソウ くさ くさかんむり
鎗		かねへん そう ソウ かね ショウ やり しょう
其		はち ハチ き ギ それ その ご キ はちがしら ぎ ゴ
揃		きる てへん そろえる そろい セン そろう て せん
詑		ことば わびる タ イ だ ごんべん わび げん ゲン い あざむく ダ た
柁		きへん だ タ き かじ ダ た
舵		ふねへん だ タ ふね かじ ダ た
楕		た だ タ き ダ きへん
陀		ジ ち だ ななめ イ おか けわしい タ チ じ こざとへん い ダ た
騨		だ ダ タ うまへん たん テン てん うま タン ダン だん た
岱		やまへん タイ たい やま
腿		タイ たい にくづき もも ニク にく
苔		そうこう こけ タイ たい こけら くさ くさかんむり
黛		くろ タイ たい まゆずみ
鯛		ちょう チョウ うお さかな たい うおへん
醍		てい とり だい タイ たい とりへん ダイ テイ さけのとり ひよみのとり
鷹		とり ヨウ たか よう とりへん おう オウ
啄		タク トク くちへん ついばむ とく たく つく くち ツク つつく
托		タク てへん たく たのむ て たくする
琢		たま タク みがく おうへん たく たまへん
琢		たま タク みがく おうへん たく たまへん
鐸		かねへん かね タク たく
茸		そうこう にゅ きのこ ニュ ジョウ じょう たけ しげる くさ くさかんむり
凧		つくえきにょう きにょう いかのぼり かぜがまえ つくえ かぜかんむり たこ
蛸		むしへん そう ソウ ショウ むし しょう たこ
只		くちへん し くち ただ シ
叩		くちへん はたく すぎ たたく くち こう コウ
辰		ジン たつ じん しん しんのたつ シン
巽		おのれ そん イ き すでに こ ソン し コ たつみ み い シ キ
竪		ジュ たて たつ たつへん こども たてる じゅ
辿		テン てん たどる しんにゅう しんにょう たどり
狸		いぬ らい リ り ライ けものへん たぬき
鱈		うお さかな たら せつ セツ うおへん
樽		たる そん き ソン きへん
坦		つちへん タン たん たいら つち
歎		タン たん かける なげき あくび なげく
湛		たたえる さんずい チン ジン タン たん しずむ セン したみず みず じん せん ちん
箪		たん タン はこ たけ たけかんむり
耽		タン たん みみへん ふける みみ
蛋		たん むし むしへん タン
檀		き タン たん ダン だん まゆみ きへん
弛		ゆみ ち たるむ チ ゆみへん たゆむ し たるめる シ ゆるむ ゆるみ
智		にち ち にちへん チ ひ ひへん
蜘		くも ち むしへん チ むし
馳		ジ ち うまへん チ うま はせる じ
筑		たけかんむり チク ちく たけ
註		ことば ごんべん ちゅう げん ゲン チュウ
樗		き おうち おおち チョ ちょ きへん
瀦		さんずい したみず チョ みず ちょ
猪		いぬ いのしし けものへん チョ い ちょ
猪		いぬ いのしし けものへん チョ い ちょ
苧		そうこう からんし からむし チョ ちょ お くさ くさかんむり
凋		にすい しぼむ チョウ ちょう
喋		トウ チョウ くちへん ついばむ ちょう しゃべる くち とう
寵		めぐみ ちょう チョウ めぐむ うかんむり
帖		ちょう チョウ きんへん かきもの はばへん きんべん ジョウ はば じょう
暢		にち ちょう にちへん チョウ ひ のびる ひへん
牒		ふだ ちょう チョウ ジョウ じょう かた かたへん
脹		ちょう チョウ ふくれる にくづき ニク はれる にく ふくらむ
蝶		むし むしへん チョウ ちょう
諜		ことば ちょう チョウ ごんべん げん ゲン うかがう ちょうずる しめす
銚		かねへん ヨウ なべ チョウ ちょう よう かね
槌		つい き ツイ つち きへん
鎚		かねへん タイ たい かね ツイ つち つい
栂		き とが つが きへん
掴		かく つかまえる てへん て つかむ つかまる カク
槻		き キ つき きへん
佃		にんべん ひとがしら テン てん でん ひとやね ひと デン つくだ
柘		きへん じゃく き つげ しゃ シャ ジャク そ やまぐわ
辻		つじ しんにゅう しんにょう
蔦		そうこう ちょう チョウ つた くさ くさかんむり
綴		てい つづり テツ テチ てち ゲツ いとへん てつ いと テイ とじる すみやか つづる げつ
鍔		かねへん かね ガク つば がく
椿		チン チュン つばき き ちゅん ちん きへん
壷		つぼ こ コ さむらい さむらいかんむり
嬬		ジュ おんな おんなへん じゅ よわい
紬		つむぐ いとへん ちゅう いと つむぎ チュウ
吊		ちょう くちへん チョウ つる くち つるす
剃		まい てい そる する かたな テイ りっとう
悌		てい だい りっしんべん ダイ テイ こころ したごころ
挺		てい てへん ぬく チョウ ちょう テイ て
梯		てい きへん き タイ たい テイ はしご
汀		てい さんずい みぎわ なぎさ したみず テイ みず
碇		いしへん てい いし テイ いかり
禎		てい さいわい しめすへん ねへん テイ しめす
禎		てい さいわい しめすへん ねへん テイ しめす
蹄		てい あしへん ひづめ テイ あし
鄭		てい むら テイ ジョウ じょう おおざと
釘		てい かねへん ちょう チョウ かね くぎ テイ
鼎		てい テイ かなえ
擢		タク てへん ぬく テキ たく てき て ぬきんでる
鏑		かねへん テキ やじり かぶら かぶらや かね てき
轍		わだちい テツ くるま てつ くるまへん わだち
填		はめる しずめる つちへん チン はまる テン てん ふさぐ うずめる ちん つち
纏		まとまる まとい まとう テン いとへん てん まとめる でん いと デン まつわる
甜		うまい テン てん かん あまい カン
顛		テン てん おおがい たおれる いただき
澱		さんずい どろ テン よどみ てん よどむ でん したみず みず おり デン
兎		うさぎ ツ つ と にんにょう ひとあし ト
堵		つちへん と ト つち かき
屠		かばねだれ と かばね チョ しかばね しかばねかんむり ほふる ト ちょ
杜		トウ やまなし き と ず もり ふさぐ ズ ト とう きへん
菟		そうこう うさぎ ツ つ と ト くさ くさかんむり
鍍		かねへん めっき と かね ト
砥		いしへん てい みがく ち きい と チ し いし とぐ テイ といし シ キイ
砺		いしへん みがく いし あらと れい レイ
塘		つちへん トウ とう つつみ つち
套		だい トウ かさねる だいかんむり ダイ だいかしら とう
宕		うかんむり とう トウ すぎる
嶋		トウ やま やまへん しま とう
梼		き とう トウ きへん
淘		さんずい トウ よなげる したみず みず とう
涛		さんずい なみ トウ したみず みず とう
祷		トウ まつる しめすへん ねへん しめす いのる いのり とう
董		そうこう トウ ただす とう くさ くさかんむり
蕩		そうこう トウ うごく とろける とろかす とう くさ くさかんむり
鐙		かねへん トウ ひともし あぶみ かね とう たかつき
撞		トウ てへん どう つく ドウ シュ しゅ て とう
萄		そうこう トウ どう ドウ とう くさ くさかんむり
鴇		のがん とり ホウ とりへん ほう とき
涜		けがれ さんずい トウ トク みぞ とく したみず みず けがす とう
禿		いね のぎへん のぎ トク はげる とく ちびる はげ いねへん かむろ
橡		ゾウ き とち くぬぎ ショウ ぞう しょう きへん
椴		トド たん タン き むくげ ダン とど だん きへん
鳶		とんび とり とび えん とりへん エン
苫		そうこう セン とま せん くさ くさかんむり
寅		いん とら うかんむり イン
酉		とり ユウ とりへん さけのとり ゆう ひよみのとり
瀞		じゅう きよい さんずい ショウ ジュウ したみず みず せい しょう とろ セイ
噸		くちへん くち トン とん
惇		しゅん りっしんべん とん じゅん あつい ジュン こころ トン シュン したごころ
敦		チョウ ぼくづくり タイ ちょう たい とん ぼくにょう あつい のぶん とまた ダン トン だん しぶん
沌		さんずい とん したみず みず くらい トン
遁		しゅん しんにゅう しんにょう とん のがれる トン シュン
呑		のむ くちへん とん くち トン どん ドン
乍		さ たちまち はらいぼう サ ながら の サク さく
凪		つくえきにょう なぐ きにょう かぜがまえ つくえ なぎ かぜかんむり
薙		てい そうこう ち かる なぐ チ なぎ テイ くさ くさかんむり
灘		さんずい タン たん なだ したみず せ みず ダン だん
捺		ナツ ダツ てへん だつ なつ て おす さす
楢		しゅう シュウ き なら ユウ ゆう きへん
馴		くん しゅん なれる うまへん クン うま したがう じゅん ならす ジュン シュン
畷		てい テツ たへん てつ テイ せい セイ なわて た
楠		ぜん ねん きへん き ゼン くす ナン なん ダン ネン だん くすのき
汝		さんずい ジョ なんじ な いまし し まし しゃ したみず みず なれ い なむち じょ みまし うぬ
迩		ジ に ちかい しんにゅう しんにょう じ ニ
賑		かい にぎわす にぎやか こがい しん シン にぎわう かいへん にぎわい
廿		ニュウ にゅう キョウ ジュウ にじゅうあし きょう こまぬき にじゅう じゅう
韮		きゅう ク く にら キュウ
濡		ジュ にゅ さんずい ぬれる うるおす ニュ ぬらす したみず みず うるおい じゅ うるおう
禰		デイ しめすへん ねへん でい ナイ ね しめす ネ ない
祢		デイ しめすへん ねへん でい ナイ ね しめす ネ ない
葱		そうこう ねぎ そう ソウ くさ くさかんむり
撚		ねん ひねる てへん て よれる ネン より よる
乃		アイ だい なんじ ダイ ノ ナイ あい はらいぼう の すなわち ない
廼		アイ えんにゅう だい なんじ いんにょう えんにょう ダイ ナイ ノ あい の すなわち ない
之		この し ゆく はらいぼう シ の これ
埜		つちへん ヤ や ショ しょ の つち
嚢		くちへん どう ドウ くち ふくろ のう ノウ
膿		どう ドウ にくづき うむ のう うみ ニク にく ノウ
覗		し のぞく うかがう シ みる
蚤		のみ はやい むしへん そう ソウ むし
巴		おのれ イ き すでに こ うずまき し コ シ み い は ハ ともえ キ
播		ハ てへん ハン バン て はん まく は ばん
杷		つか き は ハ きへん
琶		たま わ おうへん ワ べ は ハ ベ たまへん
芭		バ そうこう ば は ハ くさ くさかんむり
盃		はい さかずき ハイ さら
牌		はい ぱい ふだ ハイ かた かたへん
楳		き ばい バイ うめ きへん
煤		まい すす れっか ばい バイ マイ ひ れんが ひへん
狽		はい いぬ けん けものへん ハイ ばい バイ ケン
這		はい この しんにゅう しんにょう げん しゃ ゲン シャ はう むかえる
蝿		はい ヨウ むしへん よう むし はえ
秤		いね のぎへん ビン びん はかり のぎ ショウ ヒン いねへん しょう ひん
矧		はぐ やへん はぐき や しん シン いわんや はぎ
萩		しゅう そうこう くさかんむり シュウ くさ はぎ
剥		はがれる はく ほく はぐ はげる へぐ はがす むける かたな ホク りっとう へずる むく ハク
柏		ヒャク ビャク ハク ひゃく びゃく き かしわ はく きへん
箔		はく すだれ たけ ハク たけかんむり
粕		はく かす こめへん こめ ハク
曝		にち ほく にちへん ばく ホク ひ ボク バク さらす ぼく ひへん
莫		も そうこう くさかんむり モ ばく ボ ナイ ぼ くれ なかれ なし まく バク マク くさ ない
駁		はく うまへん ばく うま ぶち まだら バク まじる ハク
函		かんにょう はこ かん いれる うけばこ カン
硲		いしへん いし はざま
肇		イツ トウ チョウ ちょう はじめ いつ ふでづくり はじめる ジョウ じょう とう
筈		かつ はず やはず たけ カツ たけかんむり
櫨		き ろ ロ はぜ きへん
幡		マン きんへん ハン きんべん はばへん バン ほん はば はん まん ばん ホン はた
畠		たへん はたけ はた た
溌		さんずい もる そそぐ とびちる はつ したみず みず ハツ
醗		とり かもす とりへん はつ さけのとり ハツ ひよみのとり
筏		ばつ ぼち いかだ はつ バツ たけ ボチ ハツ たけかんむり
鳩		きゅう とり はと あつめる とりへん ク く キュウ
噺		くちへん くち はなし
塙		かく つちへん カク かたい こう はなわ コウ つち
蛤		むしへん はまぐり むし こう コウ
隼		しゅん ふるとり じゅん ジュン シュン はやぶさ
叛		ハン ほん そむく また はん ホン
釆		とる のごめ ハン のごめへん サイ いろどり べん はん さい ベン
挽		てへん バン ひく て ばん
磐		いしへん ハン バン いし はん ばん いわ
蕃		そうこう ハン バン はん ばん くさ くさかんむり
匪		はこがまえ ひ ヒ あらず かたみ
庇		かばう おおう ひさし ひ ヒ まだれ
斐		ぶんにょう イ ブン ぶん ひ い ヒ ふみつくり
緋		あか いとへん いと ひ ヒ あけ
誹		はい そしる ことば ごんべん げん ゲン ハイ ひ ヒ
樋		トウ き とい ひ とう きへん
簸		ひる たけ は ハ たけかんむり
枇		び き ひ ヒ ビ きへん
毘		び くらべる ひ ならびひ たすける ヒ ビ
琵		び たま おうへん ひ ヒ ビ たまへん
柊		しゅう シュウ き ひいらぎ シュ しゅ きへん
稗		いね のぎへん はい のぎ ひえ ハイ ひ ヒ いねへん
疋		ソ ヒキ ひき ひきへん ショ あし ヒツ そ しょ ひつ
髭		ひげ し かみがしら くちひげ シ かみかんむり
彦		かみかざり ひこ げん ゲン けかざり さんづくり
菱		そうこう ひし りょう リョウ くさ くさかんむり
弼		ゆみ ゆみへん ゆだめ たすける ヒツ ひつ
畢		た おわり ことごとく たへん ヒツ おわる あみ ひつ
逼		ヒキ せまる ふく しんにょう ひき しんにゅう フク ひょく ヒョク ヒツ ひつ むかばき
桧		かい ひのき き ひ カイ きへん
紐		ひも いとへん ちゅう ジュウ いと じゅう チュウ
謬		ビョウ ことば ビュウ ミュウ ごんべん げん あやまる ゲン みゅう びゅう びょう
彪		ヒョウ あや かみかざり ひゅう ひょう さんづくり けかざり ヒュウ
瓢		ひさご ヒョウ ふくべ ひょう うり
豹		ホウ ヒョウ むじなへん ひょう ほう
廟		ミョウ ビョウ やしろ たまや びょう みょう まだれ みたまや
錨		ビョウ かねへん ミョウ かね びょう みょう いかり
鋲		びょう かねへん かね
蒜		そうこう にんにく さん ひる サン のびる くさ くさかんむり
蛭		シツ ちつ むしへん しつ ひる むし チツ
鰭		うお き ひれ さかな ギ ぎ うおへん キ
彬		ふん かみかざり フン うるわしい ヒン けかざり あきらか さんづくり ひん
斌		ふん ぶんにょう ブン フン うるわしい ぶん ヒン あきらか ふみつくり ひん
瀕		さんずい ほとり したみず みず ヒン ひん
埠		ほ つちへん つか ホ はとば フ ふ つち
冨		べきかんむり わかんむり ふう フウ フ とみ ふ とむ
斧		きん おのづくり キン おの フ ふ
芙		そうこう フ ふ くさ くさかんむり
撫		てへん て ブ フ ふ ぶ なでる
葡		ほ そうこう ホ ブ ぶ くさ くさかんむり
蕪		む あれる そうこう かぶら かぶ ブ ム ぶ くさ くさかんむり
楓		き ふう フウ かえで きへん
葺		そうこう しゅう シュウ ふき ふく あし くさ くさかんむり
蕗		そうこう ル ふき ろ る ロ くさ くさかんむり
淵		かく さんずい エン かたい こう したみず みず ふち えん はなわ コウ カク
弗		ゆみ ホチ ほち ゆみへん どる ず フツ ふつ
鮒		ほ うお ふな さかな ホ フ ブ ふ ぶ うおへん
吻		くちさき ふん くちへん フン ブン くちわき ぶん くち
扮		ふん ふんする てへん ハン よそおう フン て はん やつす へん ヘン
焚		ふん ハン たく やきがり フン れっか ほん ひ はん ホン やく れんが ひへん
糞		くそ ふん フン こめへん こめ
頁		かしら おおがい ケツ けつ ぺえじ
僻		へきする へい ヘキ にんべん ひとがしら ひがむ ひとやね ひ ヘイ ヒ ひと へき
碧		いしへん ヒャク ひゃく ヘキ いし へき
瞥		め ヘツ よこめ めへん ベツ べつ へつ
箆		はい へい へら くし ハイ ヘイ たけ の たけかんむり
篇		たけかんむり ヘン へん たけ
娩		おんなへん おんな べん ベン
鞭		むち むちうつ つくりがわ べん かわへん へん ベン ヘン
鋪		かねへん みせ ほ しく かね ホ フ ふ
圃		ほ くにがまえ にわ ホ フ はたけ ふ
甫		ほ ヨウ はじめて よう ホ もちいる フ ふ
輔		ほ くるま ホ くるまへん フ たすける ふ
戊		ほこづくり ボウ たすき かのほこ ボ ぼ つちのえ ほこがまえ ほこ ぼう
菩		そうこう ボ ぼ くさ くさかんむり
呆		おろか ほける ホウ くちへん くち ぼける ほう あきれる
峯		ホウ やま やまへん ほう ね みね
庖		まだれ ほう くりや ホウ
捧		ホウ ささげる てへん て ほう
朋		ふなづき ホウ つきへん とも ほう つき
烹		ホウ れっか ひ にる ほう れんが ひへん
萌		もえる そうこう ホウ めばえ きざし ほう くさ くさかんむり きざす
蓬		そうこう ホウ ブ ほう よもぎ ぶ くさ くさかんむり
鋒		かねへん とかり ホウ かね ほう きっさき ほこさき
鳳		とり ホウ とりへん ふう フウ ほう
鵬		とり ホウ おおとり とりへん ほう
鉾		む かねへん ボウ かね ム ほこ ぼう
吠		はい ほえる くちへん べい くち ハイ ベイ
頬		キョウ おおがい ほほ ほお きょう
卜		うらない ぼくのと うらなう ボク ぼく
穆		いね のぎへん のぎ モク もく ボク いねへん やわらぐ ぼく
釦		かねへん かね ク ぼたん こう コウ く
殆		ほとほと ガツ ほとんど がつへん さい タイ あやうい かばねへん たい サイ しにがまえ がつ いちたへん
幌		きんへん きんべん はばへん とばり こう はば ほろ コウ
哩		まいる くちへん リ り くち
槙		こずえ き テン てん しん シン まき きへん
鮪		イ うお き さかな ユウ まぐろ しび い ゆう うおへん キ
柾		まさ まさめ まさき き きへん
鱒		ます そん うお ざん さかな ソン セン せん うおへん ザン
桝		き ます きへん
亦		けいさんかんむり えき なべぶた また けさんかんむり エキ ヤク やく
俣		にんべん ひとがしら ひとやね また ひと
沫		ばつ さんずい あわ つばき マツ したみず しぶき みず バツ まつ
迄		およぶ しんにゅう しんにょう まで キツ きつ
侭		にんべん ジン ひとがしら ことごとく ひとやね じん ひと まま
麿		まろ あさかんむり あさ
蔓		そうこう マン はびこる バン つる まん ばん くさ くさかんむり
巳		おのれ イ き すでに こ し コ み い シ キ
箕		き み たけ キ たけかんむり
湊		さんずい そう ソウ みなと したみず みず あつまる
蓑		そうこう さ みの サイ サ さい くさ くさかんむり
稔		いね のぎへん ねん のぎ ジン みのる ニン みのり じん にん いねへん ネン
粍		ミリメートル ミリ みりめーとる みり こめへん こめ
牟		む ボウ うしへん うし ム ぼう
鵡		む とり とりへん ブ ム ぶ
椋		き りょう むく リョウ きへん
姪		イツ ちつ テツ おい ジチ いち おんな めい じち てつ いつ イチ チツ おんなへん
牝		め うしへん ヒン うし めん めす ひん
棉		き わた メン めん きへん
緬		いとへん メン いと べん めん ベン
摸		もう も モ てへん ばく ボ ぼ て バク まく マク モウ
孟		もう ミョウ かしら ボウ こ こへん ぼう こどもへん こども みょう モウ
蒙		もう そうこう ボウ こうむる おおう くらい ぼう くさ くさかんむり モウ
儲		にんべん もうけ ひとがしら もうける たくわえる ひとやね チョ ひと もうかる ちょ
杢		き もく きへん
勿		もち つつみがまえ ボツ ブツ なし なかれ ぶつ モチ ぼつ
尤		とがめる まげあし ユウ おうにょう だいのまげあし おう オウ ゆう もっとも
籾		こめ こめへん もみ
貰		かい もらう しゃ こがい シャ せい セイ かいへん
悶		もだえる りっしんべん もん こころ モン したごころ
匁		め つつみがまえ もんめ
也		ヤ か なり や オツ おつにょう おつ また エ え つりばり
爺		じじ じい じじい ヤ おやじ や ちち
耶		ヤ ジャ か や みみへん じゃ みみ
靖		やすんじる ジョウ じょう せい あお セイ
薮		そうこう やぶ そう ソウ くさ くさかんむり
鑓		かねへん やり かね
愈		いよいよ ゆ りっしんべん ユ こころ したごころ まさる
佑		ウ にんべん ひとがしら ユウ う ひとやね たすける ひと ゆう
宥		ユウ なだめる ゆるす うかんむり ゆう
揖		イツ しゅう シュウ てへん ゆ いつ ユウ ユ て ゆう
柚		き じく ゆ ゆず ユウ ユ ジク ゆう きへん
涌		ヨウ さんずい ゆ よう ユウ ユ したみず わく みず ゆう
猷		ヨウ いぬ はかる よう はかりごと ユウ けものへん ゆう
祐		ウ ユウ しめすへん ねへん う しめす たすける ゆう
祐		たすけ ユウ しめすへん ねへん しめす たすける ゆう
邑		ゆう ユウ むら おおざと
輿		よ くるま かご くるまへん こし ヨ
傭		ヨウ ひとしい にんべん チョウ ひとがしら ちょう あたい よう ひとやね ひと やとう
楊		ヨウ き よう やなぎ きへん
熔		ヨウ とける よう れっか とかす ひ いがた れんが ひへん
耀		かがやく ヨウ ひかり よう はね
蓉		そうこう ヨウ よう くさ くさかんむり
遥		はるか ヨウ よう しんにゅう しんにょう
慾		よく りっしんべん こころ したごころ ヨク
淀		さんずい テン よどむ てん でん したみず みず デン
螺		にし ラ むしへん ら むし にな
莱		そうこう あわち らい リ あかざ り ライ こうがい くさ くさかんむり
洛		さんずい したみず みず ラク らく
蘭		そうこう ラ ら らん ラン くさ くさかんむり
李		リ き り すもも きへん
裡		リ ころもへん うち ころも り うら
葎		そうこう リツ むぐら りつ くさ くさかんむり
掠		かする りゃく てへん かすめる て かすれる リャク リョウ りょう
劉		ころす ル かたな りっとう る りゅう リュウ
溜		ためる たまり さんずい ため したみず たまる みず りゅう リュウ したたる
琉		たま ル おうへん る りゅう リュウ たまへん
亮		けいさんかんむり なべぶた リョウ りょう けさんかんむり あきらか
凌		にすい リョウ しのぐ りょう
梁		やな うちばり き はり りょう はし リョウ うつばり きへん
稜		かど のぎへん いね のぎ いつ ロウ いねへん りょう リョウ ろう
諒		ことば ごんべん げん ゲン リョウ りょう あきらか まことに
遼		リョウ しんにゅう しんにょう りょう
淋		さびしい さんずい りん さみしい リン したみず みず
燐		りん リン れっか ひ れんが ひへん
琳		たま りん おうへん リン たまへん
鱗		こけら りん こけ リン さかな うお うろこ うおへん
麟		りん リン しか
伶		にんべん ひとがしら わざおぎ ひとやね ひと りょう リョウ れい レイ
嶺		やま レイ やまへん りょう リョウ れい みね
怜		レン りっしんべん さとい れん こころ あわれむ れい リョウ りょう したごころ レイ
玲		たま おうへん れい たまへん レイ
苓		そうこう みみなぐさ リョウ りょう れい くさ くさかんむり レイ
憐		レン りっしんべん あわれ れん あわれむ こころ したごころ
漣		さんずい さざなみ レン したみず らん ラン みず れん
煉		レン ねる れっか れん ひ れんが ひへん
簾		すだれ レン れん たけ す たけかんむり
聯		つらねる レン みみへん れん みみ つらなる
蓮		そうこう はちす はす レン れん くさ くさかんむり
魯		おろか うお さかな ろ ロ うおへん
櫓		やぐら き ろ おおだて ロ きへん
婁		ル おんな つなぐ ロウ ひく る おんなへん ろう
榔		き ロウ ろう きへん
牢		かたい ひとや ロウ うしへん うし ろう
狼		いぬ ロウ けものへん おおかみ ろう
篭		こむ こめる ル ロウ かご こもる たけ る ろう たけかんむり
聾		つんぼ ろうする ロウ みみへん みみしい みみ ろう
蝋		むしへん ロウ むし みつろう ろう ろうそく
禄		さいわい ろく ロク しめすへん ねへん ふち しめす
肋		ろく ロク にくづき ニク にく あばら
倭		わ にんべん やまと イ ひとがしら したがう ひとやね ワ い ひと
歪		ゆがむ ワイ とめへん とめる いがむ いびつ ひずむ え わい エ
鷲		とり ジュ しゅう シュウ とりへん じゅ わし
亙		もとめる に かん ニ わたる こう コウ カン
亘		もとめる に かん セン ニ せん わたる こう コウ カン
鰐		うお さかな わに ガク うおへん がく
詫		かこつ ことば わびる タ ごんべん わび げん ゲン わびしい た
藁		そうこう わら こう コウ くさ くさかんむり
蕨		そうこう わらび ケツ けつ くさ くさかんむり
椀		はち わん き ワン きへん
碗		いしへん こばち わん ワン いし
侑		ウ にんべん ひとがしら すすめる ユウ う ひとやね たすける ひと ゆう
俐		にんべん ひとがしら リ り かしこい ひとやね ひと
凛		にすい きびしい リン りん
凰		おおとり つくえきにょう きにょう かぜがまえ こう つくえ かぜかんむり おう オウ コウ
勁		ケイ ちから つよい けい
奎		だい けい ケイ き だいかんむり ダイ だいかしら キ
崚		やまへん リョウ りょう やま
巖		やま けわしい ガン いわお やまへん がん いわ
巫		みこ かんなぎ たくみへん フ ふ こう コウ たくみ
已		のみ おのれ イ き すでに こ し コ やむ み い シ はなはだ キ
彗		ほうき けい ケイ スイ すい けいがしら え せい エ いのこがしら セイ
徠		らい きたす ぎょうにんべん ライ くる きたる
惺		りっしんべん さとる こころ せい したごころ セイ
昊		にち にちへん ひ ひへん こう コウ そら
昴		にち ボウ にちへん すばる こう ひ ぼう コウ ひへん
晏		にち にちへん あん アン ひ おそい ひへん
晄		にち にちへん こう ひ あきらか コウ ひへん
晨		にち にちへん とき ひ あした しん シン あさ ひへん
晟		にち にちへん ひ ジョウ じょう せい あきらか セイ ひへん
暉		かがやく にち にちへん き ひ キ ひへん
檜		かい ひのき き ひ カイ きへん
栞		しおり き かん カン きへん
梛		ナ だ き なぎ ダ な きへん
椰		ヤ き やし や きへん
橙		だいだい トウ き とう きへん
櫂		かい タク トウ き たく かじ とう きへん
毬		きゅう まり いが け キュウ
洸		さんずい したみず みず こう コウ
洵		さんずい しゅん じゅん したみず みず シュン ジュン のぶ まことに
渾		さんずい こん すべて コン したみず にごる みず
滉		さんずい したみず ひろい みず こう コウ
漱		くちすすぐ ス しゅう さんずい くちそそぐ シュウ そう ソウ すすぐ したみず みず す うがい
澪		さんずい みお したみず みず れい レイ
煌		かがやく きらめく れっか ひ こう コウ れんが ひへん
燎		かがりび れっか ひ りょう リョウ れんが ひへん
燿		ヨウ かがやく ひかり よう れっか ひ れんが ひへん
珈		カ たま おうへん かみかざり か たまへん
珀		ハク たま おうへん はく たまへん
琥		たま おうへん こ コ たまへん
瑶		ヨウ たま おうへん よう たまへん
皓		しろへん ひかる しろい しろ こう コウ
眸		む め よこめ ひとみ ボウ めへん ム ぼう
祿		さいわい ろく ロク しめすへん ねへん ふち しめす
稟		いね のぎへん のぎ りん こめぐら リン ヒン いねへん ひん
穰		いね のぎへん のぎ わら ジョウ じょう いねへん ゆたか
穹		きゅう そら キョウ あなかんむり あな あめ きょう キュウ
笙		そう ソウ ショウ ふえ たけ しょう たけかんむり
絆		ハン いとへん つなぐ いと はん ほだす きずな
綺		き いとへん あや いと キ
綸		りん いとへん リン かん いと カン
羚		かもしか ひつじへん ひつじ りょう リョウ れい レイ
翔		はね かける ショウ とぶ しょう
脩		ほじし しゅう シュウ にくづき おさめる ニク にく ながい
苺		まい そうこう ばい バイ マイ くさ くさかんむり いちご
茉		そうこう ばつ ま マ マツ バツ まつ くさ くさかんむり
莉		そうこう らい リ り ライ れい くさ くさかんむり レイ
菫		そうこう きん キン すみれ くさ くさかんむり
萠		もえる そうこう ホウ めばえ きざし ほう くさ くさかんむり きざす
蕾		そうこう らい ライ つぼみ くさ くさかんむり
詢		まこと ことば しゅん はかる ごんべん じゅん げん ゲン ジュン シュン
諄		ねんごろ ことば しゅん くどい ごんべん ひちくどい げん ゲン シュン くどくど
赳		きゅう はしる そうにょう キュウ
迪		テキ いたる みち しんにゅう しんにょう すすむ てき みちびく
逞		てい たくましい しんにゅう しんにょう テイ
釉		のごめ ユウ のごめへん ゆう うわぐすり
頌		ジュ たたえる ヨウ かたち よう ほめる ショウ おおがい しょう じゅ
颯		かぜ そう ソウ さつ サツ さっと
驍		うまへん キョウ ギョウ うま たけし ぎょう きょう つよい
麒		き キ しか
黎		きび リ くろい り れい レイ
堯		つちへん ギョウ たかい ぎょう つち
槇		こずえ き テン てん しん シン まき きへん
遙		はるか ヨウ よう しんにゅう しんにょう
凜		にすい きびしい リン りん
熙		よろこぶ ひろめる き たのしむ ひかる ひろまる かわく れっか ひろい ひ あきらか れんが キ ひへん
俠		にんべん ひとがしら キョウ ひとやね ひと きょう キャン きゃん おとこだて
俱		にんべん ひとがしら ひとやね ク ひと ともに く
吞		のむ くちへん テン てん とん くち トン どん ドン
摑		かく てへん カク て つかむ つかまる つかまえる
焰		エン ほのお れっか ひ えん れんが ひへん
禱		トウ まつる しめすへん ねへん いのる しめす とう
簞		タン たん はこ たけ たけかんむり
繡		しゅう シュウ いとへん いと ぬいとり
繫		けい ケイ いとへん つなぐ かける いと かかる
萊		そうこう らい リ あかざ り ライ こうがい あれわ くさ くさかんむり
蔣		そうこう はげます そう ソウ ショウ まこも しょう くさ くさかんむり
蟬		ぜん むしへん ゼン セン せみ むし せん
蠟		むしへん ロウ むし みつろう ろう ろうそく
醬		とり ひしお とりへん ショウ しょう さけのとり ひよみのとり
顚		テン てん おおがい たおれる いただき
鷗		とり とりへん かもめ おう オウ
